intent_리필쿠폰_사용_멀티턴	리필 쿠폰은 어디에서 충전할 수 있나요?				
intent_리필쿠폰_사용_멀티턴	리필쿠폰 사용하는 방법 알려주세요.				
intent_리필쿠폰_사용_멀티턴	리필쿠폰으로 충전하고 싶어요.				
intent_리필쿠폰_사용_멀티턴	리필 쿠폰 있는 거 어떻게 써요?				
intent_리필쿠폰_사용_멀티턴	리필 쿠폰 있는 걸로 충전 부탁합니다				
intent_리필쿠폰_사용_멀티턴	리필 쿠폰으로 충전하려는데요				
intent_리필쿠폰_사용_멀티턴	리필 쿠폰으로 충전 어떻게 하나요?				
intent_리필쿠폰_사용_멀티턴	리필 쿠폰 어떻게 충전하는 건가요?				
intent_리필쿠폰_사용_멀티턴	저 리필 쿠폰으로 충전 좀 하고 싶어요				
intent_리필쿠폰_사용_멀티턴	쿠폰 사용하는 법 질문이요				
intent_리필쿠폰_사용_멀티턴	리필 쿠폰 가지고 있는거 어떻게 쓰나요?				
intent_리필쿠폰_사용_멀티턴	리필 쿠폰 다 써버리고 싶은데				
intent_리필쿠폰_사용_멀티턴	리필 쿠폰이 있다는데 다 써버릴래요				
intent_리필쿠폰_사용_멀티턴	리필 쿠폰 써보고 싶은데요				
intent_리필쿠폰_사용_멀티턴	리필 쿠폰 어떻게 쓰는지 문의합니다				
intent_리필쿠폰_사용_멀티턴	리필 쿠폰 사용 방법 알아보기				
intent_리필쿠폰_사용_멀티턴	저 리필 쿠폰 쓰는 법 좀 알려주세요				
intent_리필쿠폰_사용_멀티턴	리필 쿠폰 이용하려면 어떻게 하나요?				
intent_리필쿠폰_사용_멀티턴	리필 쿠폰 이용 어디서 할 수 있나요?				
intent_리필쿠폰_사용_멀티턴	리필 쿠폰 쓰려먼 어떻게 해야되는지				
intent_리필쿠폰_사용_멀티턴	리필 쿠폰 있는 거 좀 쓰려는데요				
intent_리필쿠폰_사용_멀티턴	리필 쿠폰 써서 충전 어떻게 하나요?				
intent_리필쿠폰_사용_멀티턴	리필 쿠폰 좀 써 버리려고요				
intent_리필쿠폰_사용_멀티턴	리필 쿠폰 있는 것 좀 쓸려고 하는데요				
intent_리필쿠폰_사용_멀티턴	리필 쿠폰 가지고 충전하려고요				
intent_리필쿠폰_사용_멀티턴	리필 쿠폰 이용해서 충전할게요				
intent_리필쿠폰_사용_멀티턴	리필 쿠폰 이용해서 충전 어떻게 하나요?				
intent_리필쿠폰_사용_멀티턴	리필 쿠폰 갖고 충전하는 방법				
intent_리필쿠폰_사용_멀티턴	리필 쿠폰 사용 방법이 어떻게 되나요?				
intent_리필쿠폰_사용_멀티턴	리필 쿠폰이 와 있다는데 어디에 쓰는 거예요?				
intent_리필쿠폰_사용_멀티턴	리필 쿠폰이 있다는데요 뭐에 쓰는 건가요?				
intent_리필쿠폰_사용_멀티턴	리필 쿠폰은 뭐에 쓰는 건지?				
intent_리필쿠폰_사용_멀티턴	리필 쿠폰은 어떻게 사용하면 되나요?				
intent_리필쿠폰_사용_멀티턴	리필 쿠폰 어디다 쓰면 돼요?				
intent_리필쿠폰_사용_멀티턴	리필 쿠폰 뭐에 쓰는 거예요?				
intent_리필쿠폰_사용_멀티턴	리필 쿠폰 지급받았는데 어떻게 써요?				
intent_리필쿠폰_사용_멀티턴	리필 쿠폰 이걸로 충전하는데 어떻게 써요?				
intent_리필쿠폰_사용_멀티턴	리필 쿠폰 이거로 충전하려면 어떻게 하나요?				
intent_리필쿠폰_사용_멀티턴	리필 쿠폰 사용하는 방법 좀 알려주세요				
intent_리필쿠폰_사용_멀티턴	리필 쿠폰으로 충전 어디서 하나요?				
intent_리필쿠폰_사용_멀티턴	리필 쿠폰 사용이 어디서 하는 건가요?				
intent_리필쿠폰_사용_멀티턴	리필 쿠폰 사용 관련해서 여쭤봅니다				
intent_리필쿠폰_사용_멀티턴	리필 쿠폰 받은 거 어떻게 사용하나요?				
intent_리필쿠폰_사용_멀티턴	리필 쿠폰 가지고 충전 어떻게 하는 거예요?				
intent_리필쿠폰_사용_멀티턴	리필 쿠폰 받아서 쓰려는데 어떻게 하나요?				
intent_리필쿠폰_사용_멀티턴	리필 쿠폰 써먹는 방법 좀				
intent_리필쿠폰_사용_멀티턴	쿠폰 사용하려면 뭐 어떻게 해야 돼요?				
intent_리필쿠폰_사용_멀티턴	리필 쿠폰 사용 방법 문의합니다				
intent_리필쿠폰_사용_멀티턴	리필 쿠폰으로 충전 좀 하려는데요				
intent_리필쿠폰_사용_멀티턴	리필 쿠폰 사용법 좀 알려주실래요?				
intent_리필쿠폰_사용_멀티턴	리필 쿠폰 써먹으려면?				
intent_리필쿠폰_사용_멀티턴	리필 쿠폰 가지고 충전 이용하려면 어떻게 해?				
intent_리필쿠폰_사용_멀티턴	리필쿠폰 어떻게 쓰는 건가요?				
intent_리필쿠폰_사용_멀티턴	리필쿠폰 사용에 대한 질문이요				
intent_리필쿠폰_사용_멀티턴	리필쿠폰을 쓰려고 하는데 어떻게 하나요?				
intent_리필쿠폰_사용_멀티턴	리필쿠폰 있는 거 쓰고 싶은데요				
intent_리필쿠폰_사용_멀티턴	제가 리필쿠폰 쓰고 싶은데요				
intent_리필쿠폰_사용_멀티턴	제가 리필쿠폰 좀 쓰려고요				
intent_리필쿠폰_사용_멀티턴	리필쿠폰으로 충전하려는데요				
intent_리필쿠폰_사용_멀티턴	제 리필쿠폰으로 충전 좀 하려는데요				
intent_리필쿠폰_사용_멀티턴	리필쿠폰 가지고 충전하는 거 어디서 해요?				
intent_리필쿠폰_사용_멀티턴	리필쿠폰 혹시 어떻게 쓰는 거예요?				
intent_리필쿠폰_사용_멀티턴	리필쿠폰 있다고 하는데 어떻게 쓰나요?				
intent_리필쿠폰_사용_멀티턴	리필쿠폰 어떻게 사용하나요				
intent_리필쿠폰_사용_멀티턴	리필쿠폰으로 충전 어디서 하나요?				
intent_리필쿠폰_사용_멀티턴	리필쿠폰 이용하는 법				
intent_리필쿠폰_사용_멀티턴	리필쿠폰 이거 어떻게 쓰는 건가요?				
intent_리필쿠폰_사용_멀티턴	리필쿠폰으로 충전 이용하려는데요				
intent_리필쿠폰_사용_멀티턴	리필쿠폰 쓰는 방법 뭐가 있나요?				
intent_리필쿠폰_사용_멀티턴	리필쿠폰으로 충전 좀 할까 생각 중인데				
intent_리필쿠폰_사용_멀티턴	리필쿠폰으로 충전 좀 해보려는데요				
intent_리필쿠폰_사용_멀티턴	리필쿠폰 사용해서 충전 어떻게 하나요?				
intent_리필쿠폰_사용_멀티턴	리필쿠폰 충전 어떻게 하는 건가요?				
intent_리필쿠폰_사용_멀티턴	리필쿠폰 있는 걸로 충전하려는데요				
intent_리필쿠폰_사용_멀티턴	쿠폰 가지고 충전 어떻게 하나요?				
intent_리필쿠폰_사용_멀티턴	쿠폰 있다는데 어떻게 써요?				
intent_리필쿠폰_사용_멀티턴	쿠폰 이용 절차 안내 부탁합니다				
intent_리필쿠폰_사용_멀티턴	쿠폰으로 리필 사용하려는데요				
intent_리필쿠폰_사용_멀티턴	쿠폰으로 충전하려면 어떻게 하나요?				
intent_리필쿠폰_사용_멀티턴	쿠폰 사용 관련해 문의드려요				
intent_리필쿠폰_사용_멀티턴	쿠폰으로 충전 어떻게 하는 건가요?				
intent_리필쿠폰_사용_멀티턴	쿠폰으로 충전하는 거 어디서 해요?				
intent_리필쿠폰_사용_멀티턴	쿠폰으로 리필 어떻게 해요?				
intent_리필쿠폰_사용_멀티턴	쿠폰 써서 리필 좀 하려는데요				
intent_리필쿠폰_사용_멀티턴	쿠폰 가지고 리필하려고요				
intent_리필쿠폰_사용_멀티턴	쿠폰 사용 어떻게 하는지 문의합니다				
intent_리필쿠폰_사용_멀티턴	쿠폰으로 충전 어떻게 하나요?				
intent_리필쿠폰_사용_멀티턴	쿠폰 가지고 충전 어떻게 해요?				
intent_리필쿠폰_사용_멀티턴	쿠폰 있는 거 좀 써 버리려고요				
intent_리필쿠폰_사용_멀티턴	쿠폰 이거 뭐에 쓸 수 있나요?				
intent_리필쿠폰_사용_멀티턴	쿠폰 뭐하는데에 쓰는 거예요?				
intent_리필쿠폰_사용_멀티턴	쿠폰으로 리필하려면 어떻게 하나요?				
intent_리필쿠폰_사용_멀티턴	쿠폰 있는 걸로 충전 좀 하려고요				
intent_리필쿠폰_사용_멀티턴	쿠폰으로 충전하는 법 설명 좀 부탁해				
intent_리필쿠폰_사용_멀티턴	쿠폰 이용 방법 설명 좀요				
intent_리필쿠폰_사용_멀티턴	쿠폰 어디다가 쓸 수 있나요?				
intent_리필쿠폰_사용_멀티턴	쿠폰 충전이 뭐하는 건가요?				
intent_리필쿠폰_사용_멀티턴	쿠폰은 어떻게 사용하나요?				
intent_리필쿠폰_사용_멀티턴	쿠폰 사용법 좀 설명 부탁해				
intent_리필쿠폰_사용_멀티턴	쿠폰 있는 거 다 써버리고 싶어요				
intent_리필쿠폰_사용_멀티턴	쿠폰 좀 써버리고 싶은데				
intent_리필쿠폰_사용_멀티턴	쿠폰 좀 써먹고 싶어서요				
intent_리필쿠폰_사용_멀티턴	쿠폰 쓰는 방법 좀 설명해줘				
intent_리필쿠폰_사용_멀티턴	쿠폰으로 충전 어디서 하는 거야?				
intent_리필쿠폰_사용_멀티턴	쿠폰 가진 걸로 충전에 쓰려고 하는데요				
intent_리필쿠폰_사용_멀티턴	쿠폰 있는 거 가지고 충전 좀 하려고요				
intent_리필쿠폰_사용_멀티턴	제 쿠폰으로 충전 좀 해보려고요				
intent_리필쿠폰_사용_멀티턴	지금 있는 리필 쿠폰 다 써버리려는데요				
intent_리필쿠폰_사용_멀티턴	리필 쿠폰 지금 좀 써보려고요				
intent_리필쿠폰_사용_멀티턴	리필 쿠폰 지금 바로 써 볼 수 있을까요?				
intent_리필쿠폰_사용_멀티턴	제 리필 쿠폰 지금 쓸 수 있는 거예요?				
intent_리필쿠폰_사용_멀티턴	지금 가지고 있는 리필 쿠폰 쓰려면 어떻게 해요?				
intent_리필쿠폰_사용_멀티턴	지금 있는 리필 쿠폰 어떻게 쓰나요?				
intent_리필쿠폰_사용_멀티턴	리필쿠폰 지금 쓸 수 있나요?				
intent_리필쿠폰_사용_멀티턴	리필 쿠폰 가지고 충전 지금 하려고요				
intent_리필쿠폰_사용_멀티턴	쿠폰 받았는데 충전 지금 할 수 있죠?				
intent_리필쿠폰_사용_멀티턴	쿠폰으로 충전 지금 가능한가요?				
intent_리필쿠폰_사용_멀티턴	쿠폰 가지고 충전 지금 할 수 있을까?				
intent_리필쿠폰_사용_멀티턴	지금 쿠폰으로 충전 좀 하려는데요				
intent_리필쿠폰_사용_멀티턴	지금 쿠폰 가진 거 다 쓸래요				
intent_리필쿠폰_사용_멀티턴	쿠폰 지금 좀 써 볼 수 있나요?				
intent_리필쿠폰_사용_멀티턴	쿠폰 지금 사용 가능한가요?				
intent_리필쿠폰_사용_멀티턴	쿠폰 사용 방법 문의				
intent_리필쿠폰_사용_멀티턴	쿠폰 사용 문의하고 싶어요				
intent_리필쿠폰_사용_멀티턴	쿠폰으로 충전하는 방법 문의해도 될까요?				
intent_리필쿠폰_사용_멀티턴	쿠폰 사용 좀 문의할게요				
intent_리필쿠폰_사용_멀티턴	쿠폰 사용 문의할게				
intent_리필쿠폰_사용_멀티턴	리필쿠폰 사용법 문의드립니다				
intent_리필쿠폰_사용_멀티턴	쿠폰 사용을 요청합니다				
intent_리필쿠폰_사용_멀티턴	쿠폰 사용 요청				
intent_리필쿠폰_사용_멀티턴	리필쿠폰 사용 요청하기				
intent_리필쿠폰_사용_멀티턴	리필쿠폰 사용을 요청하고 싶어요				
intent_리필쿠폰_사용_멀티턴	리필쿠폰 사용 요청해도 돼요?				
intent_리필쿠폰_사용_멀티턴	리필쿠폰 사용 좀 하자				
intent_리필쿠폰_사용_멀티턴	리필쿠폰으로 충전하는 법 문의드리려고요				
intent_리필쿠폰_사용_멀티턴	어디에서 리필쿠폰 사용할 수 있어요?				
intent_리필쿠폰_사용_멀티턴	어디서 리필쿠폰 사용할 수 있지?				
intent_리필쿠폰_사용_멀티턴	리필 쿠폰 사용하려면 어디로 가야해?				
intent_리필쿠폰_사용_멀티턴	리필 쿠폰 사용은 어디서 하지?				
intent_리필쿠폰_사용_멀티턴	어떻게 리필 쿠폰 사용해?				
intent_리필쿠폰_사용_멀티턴	리필 쿠폰 사용 어떻게 해?				
intent_리필쿠폰_사용_멀티턴	리필 쿠폰으로 어떻게 충전하지?				
intent_리필쿠폰_사용_멀티턴	가지고 있는 리필 쿠폰으로 충전하기				
intent_리필쿠폰_사용_멀티턴	가지고 있는 리필 쿠폰 사용하기				
intent_리필쿠폰_사용_멀티턴	리필 쿠폰 지금 사용할래요				
intent_리필쿠폰_사용_멀티턴	쿠폰 지금 사용하겠습니다				
intent_리필쿠폰_사용_멀티턴	쿠폰 좀 쓸래요				
intent_리필쿠폰_사용_멀티턴	쿠폰 쓰기				
intent_리필쿠폰_사용_멀티턴	쿠폰 사용하기				
intent_리필쿠폰_사용_멀티턴	쿠폰 지금 사용하고 싶어요				
intent_리필쿠폰_사용_멀티턴	쿠폰 사용해주세요				
intent_리필쿠폰_사용_멀티턴	쿠폰 지금 쓸게요				
intent_리필쿠폰_사용_멀티턴	쿠폰 지금 좀 쓸라고요				
intent_리필쿠폰_사용_멀티턴	쿠폰 지금 쓸래요				
intent_리필쿠폰_사용_멀티턴	쿠폰으로 충전하겠습니다				
intent_리필쿠폰_사용_멀티턴	쿠폰 사용해서 충전 지금 할게요				
intent_리필쿠폰_사용_멀티턴	쿠폰으로 충전 좀 부탁합니다				
intent_리필쿠폰_사용_멀티턴	쿠폰으로 충전하려고				
intent_리필쿠폰_사용_멀티턴	리필쿠폰 써서 충전해주세요				
intent_리필쿠폰_사용_멀티턴	리필 쿠폰 써서 지금 충전할래요				
intent_리필쿠폰_사용_멀티턴	리필 쿠폰 가지고 충전하겠습니다				
intent_리필쿠폰_사용_멀티턴	리필 쿠폰 있는 거 사용하겠습니다				
intent_리필쿠폰_사용_멀티턴	리필 쿠폰 있는 거 써주세요				
intent_리필쿠폰_사용_멀티턴	제 리필 쿠폰 다 쓸래요				
intent_리필쿠폰_사용_멀티턴	제 리필 쿠폰 다 써 주세요				
intent_리필쿠폰_사용_멀티턴	내 리필 쿠폰 좀 쓰려는데				
intent_리필쿠폰_사용_멀티턴	내 쿠폰 지금 쓸려고 하거든				
intent_리필쿠폰_사용_멀티턴	저 쿠폰 지금 쓰려고 해요				
intent_리필쿠폰_사용_멀티턴	쿠폰 지금 사용해주세요				
intent_리필쿠폰_사용_멀티턴	있는 쿠폰 지금 사용해줘				
intent_리필쿠폰_사용_멀티턴	가진 리필쿠폰으로 지금 충전할래				
intent_리필쿠폰_사용_멀티턴	리필쿠폰으로 충전 좀 할래요				
intent_리필쿠폰_사용_멀티턴	지금 쿠폰 쓸래				
intent_리필쿠폰_사용_멀티턴	지금 리필 쿠폰 사용할래				
intent_리필쿠폰_사용_멀티턴	리필 쿠폰 사용하는 방법				
intent_리필쿠폰_사용_멀티턴	리필 쿠폰 사용법				
intent_리필쿠폰_사용_멀티턴	리필 쿠폰 사용법 좀				
intent_리필쿠폰_사용_멀티턴	리필 쿠폰 사용하는 법 알려줘				
intent_리필쿠폰_사용_멀티턴	리필 쿠폰 사용하는 방법 알려주세요				
intent_리필쿠폰_사용_멀티턴	리필 쿠폰 사용하는 법 좀 알려주라				
intent_리필쿠폰_사용_멀티턴	리필 쿠폰 사용할게요				
intent_리필쿠폰_사용_멀티턴	리필 쿠폰 좀 사용할래요				
intent_리필쿠폰_사용_멀티턴	리필 쿠폰 좀 사용할려고요				
intent_리필쿠폰_사용_멀티턴	리필 쿠폰 사용해서 충전해 주세요				
intent_리필쿠폰_사용_멀티턴	리필 쿠폰 이용해서 충전 좀 해줘				
intent_리필쿠폰_사용_멀티턴	리필 쿠폰 사용해서 충전 좀 해주세요				
intent_리필쿠폰_사용_멀티턴	쿠폰으로 충전하는 방법				
intent_리필쿠폰_사용_멀티턴	쿠폰으로 충전하는 법 좀				
intent_리필쿠폰_사용_멀티턴	쿠폰으로 충전하는 방법이?				
intent_리필쿠폰_사용_멀티턴	선물 받은 리필 쿠폰은 어디에서 입력할 수 있나요?	선물 받은 리필 쿠폰	Coupon_Gift		
intent_리필쿠폰_사용_멀티턴	2년이상 고객 리필 쿠폰 사용 방법	2년이상 고객 리필 쿠폰	Coupon_LongTerm		
intent_리필쿠폰_사용_멀티턴	2년이상 고객 리필 쿠폰 어떻게 사용하는 건가요?	2년이상 고객 리필 쿠폰	Coupon_LongTerm		
intent_리필쿠폰_사용_멀티턴	선물 리필 쿠폰으로 충전 어떻게 하나요?	선물 리필 쿠폰	Coupon_Gift		
intent_리필쿠폰_사용_멀티턴	선물 리필쿠폰 이거 뭐 어떻게 쓰는 건지	선물 리필쿠폰	Coupon_Gift		
intent_리필쿠폰_사용_멀티턴	선물 리필쿠폰으로 충전하는데 어떻게 쓰는지?	선물 리필쿠폰	Coupon_Gift		
intent_리필쿠폰_사용_멀티턴	선물 받은 리필 쿠폰으로 충전 좀 할래요	선물 받은 리필 쿠폰	Coupon_Gift		
intent_리필쿠폰_사용_멀티턴	선물 받은 리필쿠폰 좀 쓰고 싶어요	선물 받은 리필쿠폰	Coupon_Gift		
intent_리필쿠폰_사용_멀티턴	선물 받은 리필쿠폰으로 충전하려는데 어디서 하죠?	선물 받은 리필쿠폰	Coupon_Gift		
intent_리필쿠폰_사용_멀티턴	선물 받은 쿠폰 가지고 리필하는 방법	선물 받은 쿠폰	Coupon_Gift		
intent_리필쿠폰_사용_멀티턴	선물 받은 쿠폰 어디다 쓰는 건가요?	선물 받은 쿠폰	Coupon_Gift		
intent_리필쿠폰_사용_멀티턴	선물 쿠폰 좀 쓰려고 하는데	선물 쿠폰	Coupon_Gift		
intent_리필쿠폰_사용_멀티턴	선물 쿠폰으로 충전 좀 해 버리려고 하는데	선물 쿠폰	Coupon_Gift		
intent_리필쿠폰_사용_멀티턴	선물로 받은 쿠폰으로 리필에 사용하려는데요	선물로 받은 쿠폰	Coupon_Gift		
intent_리필쿠폰_사용_멀티턴	선물로 받은 쿠폰 가지고 충전 가능한가요?	선물로 받은 쿠폰	Coupon_Gift		
intent_리필쿠폰_사용_멀티턴	선물받은 리필 쿠폰 사용법	선물받은 리필 쿠폰	Coupon_Gift		
intent_리필쿠폰_사용_멀티턴	선물받은 리필 쿠폰 쓰는 법 알려주라	선물받은 리필 쿠폰	Coupon_Gift		
intent_리필쿠폰_사용_멀티턴	선물받은 리필 쿠폰은 어디다 쓰나요?	선물받은 리필 쿠폰	Coupon_Gift		
intent_리필쿠폰_사용_멀티턴	선물받은 리필 쿠폰은 뭐에 쓸 수 있나요?	선물받은 리필 쿠폰	Coupon_Gift		
intent_리필쿠폰_사용_멀티턴	선물받은 리필쿠폰 써버리는 법	선물받은 리필쿠폰	Coupon_Gift		
intent_리필쿠폰_사용_멀티턴	선물받은 쿠폰으로 충전 어떻게 하나요	선물받은 쿠폰	Coupon_Gift		
intent_리필쿠폰_사용_멀티턴	선물받은 쿠폰 지금 사용하려는데요	선물받은 쿠폰	Coupon_Gift		
intent_리필쿠폰_사용_멀티턴	선물받은 쿠폰으로 리필 어떻게 하는 건지요?	선물받은 쿠폰	Coupon_Gift		
intent_리필쿠폰_사용_멀티턴	선물받은 쿠폰 리필에 사용 가능한지?	선물받은 쿠폰	Coupon_Gift		
intent_리필쿠폰_사용_멀티턴	선물받은 쿠폰으로 충전하는 것 좀 도와줘	선물받은 쿠폰	Coupon_Gift		
intent_리필쿠폰_사용_멀티턴	선물받은 쿠폰이 있다는데 어떻게 쓰는 건가요?	선물받은 쿠폰	Coupon_Gift		
intent_리필쿠폰_사용_멀티턴	선물받은 쿠폰이 있다는게 어디에 쓸 수 있나요?	선물받은 쿠폰	Coupon_Gift		
intent_리필쿠폰_사용_멀티턴	선물받은 쿠폰 사용 어떻게 해요?	선물받은 쿠폰	Coupon_Gift		
intent_리필쿠폰_사용_멀티턴	선물받은 쿠폰은 어떻게 사용하면 되나요?	선물받은 쿠폰	Coupon_Gift		
intent_리필쿠폰_사용_멀티턴	선물받은 쿠폰으로 충전 좀 하려는데	선물받은 쿠폰	Coupon_Gift		
intent_리필쿠폰_사용_멀티턴	장기 가입 고객 쿠폰 충전에 어떻게 써요?	장기 가입 고객 쿠폰	Coupon_LongTerm		
intent_리필쿠폰_사용_멀티턴	장기 가입 고객 쿠폰 충전할 때 사용법	장기 가입 고객 쿠폰	Coupon_LongTerm		
intent_리필쿠폰_사용_멀티턴	장기 가입 리필 쿠폰 이거 뭐 어떻게 써요?	장기 가입 리필 쿠폰	Coupon_LongTerm		
intent_리필쿠폰_사용_멀티턴	장기 가입 리필 쿠폰 받은 거 어디다 써요?	장기 가입 리필 쿠폰	Coupon_LongTerm		
intent_리필쿠폰_사용_멀티턴	장기 가입 쿠폰 왔다는데 사용 어떻게 해요?	장기 가입 쿠폰	Coupon_LongTerm		
intent_리필쿠폰_사용_멀티턴	장기 고객 쿠폰 사용하는 방법이 어떻게 되나요	장기 고객 쿠폰	Coupon_LongTerm		
intent_리필쿠폰_사용_멀티턴	장기 쿠폰 받았는데 어디서 사용해요?	장기 쿠폰	Coupon_LongTerm		
intent_리필쿠폰_사용_멀티턴	장기 쿠폰 받은 거 어디서 써 먹어요?	장기 쿠폰	Coupon_LongTerm		
intent_리필쿠폰_사용_멀티턴	장기 쿠폰 좀 써버리려고 하는데요	장기 쿠폰	Coupon_LongTerm		
intent_리필쿠폰_사용_멀티턴	장기 회원 쿠폰 지급 받았는데 어디에 쓰는 건가요?	장기 회원 쿠폰	Coupon_LongTerm		
intent_리필쿠폰_사용_멀티턴	장기 회원 쿠폰으로 지금 충전 하려는데요	장기 회원 쿠폰	Coupon_LongTerm		
intent_리필쿠폰_사용_멀티턴	장기 회원 쿠폰으로 충전하는 방법 알려주세요	장기 회원 쿠폰	Coupon_LongTerm		
intent_리필쿠폰_사용_멀티턴	장기회원 쿠폰 사용 방법 설명 좀	장기회원 쿠폰	Coupon_LongTerm		
intent_리필쿠폰_사용_멀티턴	장기회원 쿠폰 이거 뭐 할 수 있나요?	장기회원 쿠폰	Coupon_LongTerm		
intent_리필쿠폰_사용_멀티턴	장기가입 리필쿠폰 사용 어떻게 해요?	장기가입 리필쿠폰	Coupon_LongTerm		
intent_리필쿠폰_사용_멀티턴	장기가입 쿠폰으로 리필하는 방법 알려줘	장기가입 쿠폰	Coupon_LongTerm		
intent_리필쿠폰_사용_멀티턴	장기가입고객 리필쿠폰 가지고 충전 어떻게 하나요?	장기가입고객 리필쿠폰	Coupon_LongTerm		
intent_리필쿠폰_사용_멀티턴	장기 가입고객 쿠폰 이거 뭐에 쓸 수 있어요?	장기 가입고객 쿠폰	Coupon_LongTerm		
intent_리필쿠폰_사용_멀티턴	장기고객 리필 쿠폰 어떻게 쓰나요?	장기고객 리필 쿠폰	Coupon_LongTerm		
intent_리필쿠폰_사용_멀티턴	장기고객 리필 쿠폰으로 어떻게 충전 하는지	장기고객 리필 쿠폰	Coupon_LongTerm		
intent_리필쿠폰_사용_멀티턴	skt 장기고객 리필 쿠폰 어떻게 써요?	장기고객 리필 쿠폰	Coupon_LongTerm		
intent_리필쿠폰_사용_멀티턴	장기고객 리필 쿠폰 이거 어떻게 써요?	장기고객 리필 쿠폰	Coupon_LongTerm		
intent_리필쿠폰_사용_멀티턴	장기고객 리필 쿠폰이 있다는데 뭐에 쓰는 거죠?	장기고객 리필 쿠폰	Coupon_LongTerm		
intent_리필쿠폰_사용_멀티턴	장기고객 리필 쿠폰 뭐하는데 쓰는 건가요?	장기고객 리필 쿠폰	Coupon_LongTerm		
intent_리필쿠폰_사용_멀티턴	장기고객 리필 쿠폰 어떻게 써요?	장기고객 리필 쿠폰	Coupon_LongTerm		
intent_리필쿠폰_사용_멀티턴	장기고객 리필쿠폰 지급받은 거 어떻게 써요?	장기고객 리필쿠폰	Coupon_LongTerm		
intent_리필쿠폰_사용_멀티턴	장기 고객으로 지급받은 리필 쿠폰 사용 어디서 해요?	장기 고객으로 지급받은 리필 쿠폰	Coupon_LongTerm		
intent_리필쿠폰_사용_멀티턴	장기고객 지급 받은 리필 쿠폰 사용 좀 하려고	장기고객 지급 받은 리필 쿠폰	Coupon_LongTerm		
intent_리필쿠폰_사용_멀티턴	장기가입으로 지급된 리필쿠폰 사용하려고요	장기가입으로 지급된 리필쿠폰	Coupon_LongTerm		
intent_리필쿠폰_사용_멀티턴	장기가입으로 지급된 쿠폰으로 리필하고 싶어	장기가입으로 지급된 쿠폰	Coupon_LongTerm		
intent_리필쿠폰_사용_멀티턴	장기고객으로 받은 리필 쿠폰 어떻게 써요?	장기고객으로 받은 리필 쿠폰	Coupon_LongTerm		
intent_리필쿠폰_사용_멀티턴	장기고객으로 지급 받은 쿠폰으로 리필하려는데요	장기고객으로 지급 받은 쿠폰	Coupon_LongTerm		
intent_리필쿠폰_사용_멀티턴	장기고객 쿠폰 와 있다는데 어떻게 써버리나요?	장기고객 쿠폰	Coupon_LongTerm		
intent_리필쿠폰_사용_멀티턴	장기고객 쿠폰으로 리필 어떻게 하나요?	장기고객 쿠폰	Coupon_LongTerm		
intent_리필쿠폰_사용_멀티턴	장기고객 쿠폰 와 있다는데 뭐에 쓰는 거예요?	장기고객 쿠폰	Coupon_LongTerm		
intent_리필쿠폰_사용_멀티턴	장기고객 쿠폰 가지고 충전 어떻게 하는지	장기고객 쿠폰	Coupon_LongTerm		
intent_리필쿠폰_사용_멀티턴	장기고객 쿠폰으로 충전하는 방법	장기고객 쿠폰	Coupon_LongTerm		
intent_리필쿠폰_사용_멀티턴	장기회원 리필 쿠폰 어떻게 쓰는 거예요?	장기회원 리필 쿠폰	Coupon_LongTerm		
intent_리필쿠폰_사용_멀티턴	장기회원 쿠폰 어디다 쓰는 거죠?	장기회원 쿠폰	Coupon_LongTerm		
intent_리필쿠폰_사용_멀티턴	장기회원 쿠폰으로 충전하려고요	장기회원 쿠폰	Coupon_LongTerm		
intent_리필쿠폰_사용_멀티턴	장기회원 쿠폰으로 충전 진행하려고 합니다	장기회원 쿠폰	Coupon_LongTerm		
intent_리필쿠폰_사용_멀티턴	장기 회원 쿠폰 다 써버리고 싶어요	장기 회원 쿠폰	Coupon_LongTerm		
intent_리필쿠폰_사용_멀티턴	장기 회원 쿠폰 좀 사용하려는데요	장기 회원 쿠폰	Coupon_LongTerm		
intent_리필쿠폰_사용_멀티턴	장기 회원 쿠폰 어디에 써 먹는 건가요?	장기 회원 쿠폰	Coupon_LongTerm		
intent_리필쿠폰_사용_멀티턴	쿠폰 선물받은 걸로도 리필 되나요?				
intent_리필쿠폰_사용_멀티턴	쿠폰 선물받은 거 가지고 충전에 쓸 수 있는지?				
intent_리필쿠폰_사용_멀티턴	쿠폰 선물 받은 걸로 리필 어떻게 하나요?				
intent_리필쿠폰_사용_멀티턴	장기고객이라서 쿠폰 왔다는데 어떻게 써?				
intent_리필쿠폰_사용_멀티턴	장기고객이라서 쿠폰 와 있다는데 어디서 쓰는 건가요?				
intent_리필쿠폰_사용_멀티턴	2년이상 쓴 고객이라고 쿠폰 줬는데 어떻게 쓰는 건가요				
intent_리필쿠폰_사용_멀티턴	쿠폰 선물 온 거 어떻게 사용해요?				
intent_리필쿠폰_사용_멀티턴	Skt장기고객 리필 쿠폰 쓰는 법				
intent_리필쿠폰_사용_멀티턴	리필 쿠폰 선물받았는데 어떻게 써?				
intent_리필쿠폰_사용_멀티턴	리필 쿠폰 선물 받았는데요 충전에 어떻게 이용하나요?				
intent_리필쿠폰_사용_멀티턴	리필 쿠폰 선물 받았다는데 사용 절차 질문이요				
intent_리필쿠폰_사용_멀티턴	리필 쿠폰 선물을 받았는데 충전하는데 어떻게 써요?				
intent_리필쿠폰_사용_멀티턴	장기고객이라고 리필 쿠폰 받았는데 어떻게 쓰는 건가요?				
intent_리필쿠폰_사용_멀티턴	리필 쿠폰 선물 받은 거 사용 방법 좀	리필 쿠폰 선물 받은 거	Coupon_Gift		
intent_리필쿠폰_사용_멀티턴	리필쿠폰 선물받았는데 어떻게 사용하나요				
intent_리필쿠폰_사용_멀티턴	리필쿠폰 선물받은 거 어디서 사용할 수 있나요?	리필쿠폰 선물받은 거	Coupon_Gift		
intent_리필쿠폰_사용_멀티턴	리필쿠폰 선물받은 거 있다는데 어떻게 사용하나요?	리필쿠폰 선물받은 거	Coupon_Gift		
intent_리필쿠폰_사용_멀티턴	리필 쿠폰 선물받은 거 지금 충전에 쓰고 싶어요	리필 쿠폰 선물받은 거	Coupon_Gift		
intent_리필쿠폰_사용_멀티턴	선물받은 쿠폰으로 지금 충전 되나요?	선물받은 쿠폰	Coupon_Gift		
intent_리필쿠폰_사용_멀티턴	선물받은 리필 쿠폰 지금 사용할래요	선물받은 리필 쿠폰	Coupon_Gift		
intent_리필쿠폰_사용_멀티턴	리필 쿠폰 선물 받은 거 지금 쓸 수 있나요?	리필 쿠폰 선물 받은 거	Coupon_Gift		
intent_리필쿠폰_사용_멀티턴	선물쿠폰 어떻게 써?	선물쿠폰	Coupon_Gift		
intent_리필쿠폰_사용_멀티턴	선물쿠폰 사용 방법 문의	선물쿠폰	Coupon_Gift		
intent_리필쿠폰_사용_멀티턴	선물쿠폰 사용을 요청합니다	선물쿠폰	Coupon_Gift		
intent_리필쿠폰_사용_멀티턴	선물쿠폰 사용해도 돼요?	선물쿠폰	Coupon_Gift		
intent_리필쿠폰_사용_멀티턴	선물쿠폰 어떻게 쓰는지 알려 주세요	선물쿠폰	Coupon_Gift		
intent_리필쿠폰_사용_멀티턴	선물쿠폰 사용 좀 할게요	선물쿠폰	Coupon_Gift		
intent_리필쿠폰_사용_멀티턴	선물쿠폰 사용 좀 해도 될까요?	선물쿠폰	Coupon_Gift		
intent_리필쿠폰_사용_멀티턴	선물쿠폰 어떻게 사용하는지 문의합니다	선물쿠폰	Coupon_Gift		
intent_리필쿠폰_사용_멀티턴	선물쿠폰 쓰기	선물쿠폰	Coupon_Gift		
intent_리필쿠폰_사용_멀티턴	선물쿠폰 사용하기	선물쿠폰	Coupon_Gift		
intent_리필쿠폰_사용_멀티턴	선물 받은 리필쿠폰으로 충전 좀	선물 받은 리필쿠폰	Coupon_Gift		
intent_리필쿠폰_사용_멀티턴	선물 받은 리필쿠폰으로 충전해줘	선물 받은 리필쿠폰	Coupon_Gift		
intent_리필쿠폰_사용_멀티턴	선물 받은 리필쿠폰으로 데이터 충전하기	선물 받은 리필쿠폰	Coupon_Gift		
intent_리필쿠폰_사용_멀티턴	선물 받은 리필쿠폰으로 데이터 충전하는 법	선물 받은 리필쿠폰	Coupon_Gift		
intent_리필쿠폰_사용_멀티턴	선물 받은 쿠폰 쓸래	선물 받은 쿠폰	Coupon_Gift		
intent_리필쿠폰_사용_멀티턴	선물 받은 쿠폰 쓰고 싶어	선물 받은 쿠폰	Coupon_Gift		
intent_리필쿠폰_사용_멀티턴	선물 받은 쿠폰 지금 써줘	선물 받은 쿠폰	Coupon_Gift		
intent_리필쿠폰_사용_멀티턴	선물 받은 쿠폰으로 충전해줘	선물 받은 쿠폰	Coupon_Gift		
intent_리필쿠폰_사용_멀티턴	선물 받은 쿠폰으로 충전할게	선물 받은 쿠폰	Coupon_Gift		
intent_리필쿠폰_사용_멀티턴	선물쿠폰 사용할게요	선물쿠폰	Coupon_Gift		
intent_리필쿠폰_사용_멀티턴	선물쿠폰 바로 쓰려고요	선물쿠폰	Coupon_Gift		
intent_리필쿠폰_사용_멀티턴	선물쿠폰 좀 쓸게요	선물쿠폰	Coupon_Gift		
intent_리필쿠폰_사용_멀티턴	장기가입 쿠폰으로 리필하려고	장기가입 쿠폰	Coupon_LongTerm		
intent_리필쿠폰_사용_멀티턴	장기가입 쿠폰으로 충전 좀 해줘	장기가입 쿠폰	Coupon_LongTerm		
intent_리필쿠폰_사용_멀티턴	장기가입 쿠폰 쓰려고	장기가입 쿠폰	Coupon_LongTerm		
intent_리필쿠폰_사용_멀티턴	장기가입 쿠폰 쓰고 싶어	장기가입 쿠폰	Coupon_LongTerm		
intent_리필쿠폰_사용_멀티턴	장기가입 쿠폰으로 리필하기	장기가입 쿠폰	Coupon_LongTerm		
intent_리필쿠폰_사용_멀티턴	장기가입 쿠폰으로 리필하게 해줘	장기가입 쿠폰	Coupon_LongTerm		
intent_리필쿠폰_사용_멀티턴	장기가입 쿠폰 쓰게 해줘	장기가입 쿠폰	Coupon_LongTerm		
intent_리필쿠폰_사용_멀티턴	장기가입 쿠폰 좀 쓸게	장기가입 쿠폰	Coupon_LongTerm		
intent_리필쿠폰_사용_멀티턴	장기가입 쿠폰 있는 거로 충전하기	장기가입 쿠폰	Coupon_LongTerm		
intent_리필쿠폰_사용_멀티턴	장기가입 쿠폰으로 충전할게	장기가입 쿠폰	Coupon_LongTerm		
intent_리필쿠폰_사용_멀티턴	장기가입 쿠폰으로 충전 좀 해보려고 하는데	장기가입 쿠폰	Coupon_LongTerm		
intent_리필쿠폰_사용_멀티턴	장기회원 쿠폰 지금 쓸래	장기회원 쿠폰	Coupon_LongTerm		
intent_리필쿠폰_사용_멀티턴	장기회원 쿠폰 받은 거로 충전할게요	장기회원 쿠폰	Coupon_LongTerm		
intent_리필쿠폰_사용_멀티턴	장기회원 쿠폰 있는 거 쓰고 싶어	장기회원 쿠폰	Coupon_LongTerm		
intent_리필쿠폰_사용_멀티턴	장기회원 쿠폰 받은 거로 충전해주세요	장기회원 쿠폰	Coupon_LongTerm		
intent_리필쿠폰_사용_멀티턴	장기회원 쿠폰 있는 거로 충전 좀 부탁해	장기회원 쿠폰	Coupon_LongTerm		
intent_리필쿠폰_사용_멀티턴	장기회원 쿠폰으로 충전하고 싶습니다	장기회원 쿠폰	Coupon_LongTerm		
intent_리필쿠폰_사용_멀티턴	장기회원 쿠폰 좀 쓸 수 있을까?	장기회원 쿠폰	Coupon_LongTerm		
intent_리필쿠폰_사용_멀티턴	선물 받은 쿠폰으로 충전해 주세요	선물 받은 쿠폰	Coupon_Gift		
intent_리필쿠폰_사용_멀티턴	선물 받은 쿠폰 써서 충전하려고요	선물 받은 쿠폰	Coupon_Gift		
intent_리필쿠폰_사용_멀티턴	선물 받은 쿠폰 쓰려고 하는데	선물 받은 쿠폰	Coupon_Gift		
intent_리필쿠폰_사용_멀티턴	선물 받았던 쿠폰 지금 쓸 수 있냐	선물 받았던 쿠폰	Coupon_Gift		
intent_리필쿠폰_사용_멀티턴	선물 받았던 쿠폰 지금 쓸게요	선물 받았던 쿠폰	Coupon_Gift		
intent_리필쿠폰_사용_멀티턴	쿠폰 선물 받은 거 지금 쓸래				
intent_리필쿠폰_사용_멀티턴	쿠폰 선물 받은 거로 충전 좀 해줘				
intent_리필쿠폰_사용_멀티턴	쿠폰 선물 받은 거로 충전 부탁해요				
intent_리필쿠폰_사용_멀티턴	쿠폰 선물 받은 거 써서 충전 좀 해주세요				
intent_리필쿠폰_사용_멀티턴	장기회원 쿠폰 받은 거로 충전 좀	장기회원 쿠폰	Coupon_LongTerm		
intent_리필쿠폰_사용_멀티턴	장기회원 쿠폰 받은 거로 충전할 수 있냐?	장기회원 쿠폰	Coupon_LongTerm		
intent_리필쿠폰_사용_멀티턴	장기회원 쿠폰 받은 거로 충전해보고 싶어	장기회원 쿠폰	Coupon_LongTerm		
intent_리필쿠폰_사용_멀티턴	장기회원 쿠폰 사용할게요	장기회원 쿠폰	Coupon_LongTerm		
intent_리필쿠폰_사용_멀티턴	장기회원 쿠폰 사용해 줘	장기회원 쿠폰	Coupon_LongTerm		
intent_리필쿠폰_사용_멀티턴	장기회원 쿠폰 사용하게 해 줘	장기회원 쿠폰	Coupon_LongTerm		
intent_리필쿠폰_사용_멀티턴	장기회원 쿠폰 사용하려고요	장기회원 쿠폰	Coupon_LongTerm		
intent_리필쿠폰_사용_멀티턴	선물 리필쿠폰으로 충전하고 싶어서요	선물 리필쿠폰	Coupon_Gift		
intent_리필쿠폰_사용_멀티턴	선물 리필쿠폰으로 충전하고 싶습니다	선물 리필쿠폰	Coupon_Gift		
intent_리필쿠폰_사용_멀티턴	선물 리필쿠폰으로 충전 좀 하고 싶어요	선물 리필쿠폰	Coupon_Gift		
intent_리필쿠폰_사용_멀티턴	선물 받은 쿠폰 사용해줘요	선물 받은 쿠폰	Coupon_Gift		
intent_리필쿠폰_사용_멀티턴	선물 받은 쿠폰 사용 좀 해 주세요	선물 받은 쿠폰	Coupon_Gift		
intent_리필쿠폰_사용_멀티턴	장기 가입 리필 쿠폰 사용할게요	장기 가입 리필 쿠폰	Coupon_LongTerm		
intent_리필쿠폰_사용_멀티턴	장기 가입 리필 쿠폰 좀 사용할래요	장기 가입 리필 쿠폰	Coupon_LongTerm		
intent_리필쿠폰_사용_멀티턴	장기 가입 리필 쿠폰 사용하려고요	장기 가입 리필 쿠폰	Coupon_LongTerm		
intent_리필쿠폰_사용_멀티턴	장기 가입고객 쿠폰 사용 방법 알려주세요	장기 가입고객 쿠폰	Coupon_LongTerm		
intent_리필쿠폰_사용_멀티턴	장기 가입고객 쿠폰 사용 법 좀 알려줘	장기 가입고객 쿠폰	Coupon_LongTerm		
intent_리필쿠폰_사용_멀티턴	장기 가입고객 쿠폰 사용법 알려주라	장기 가입고객 쿠폰	Coupon_LongTerm		
intent_리필쿠폰_사용_멀티턴	장기 리필쿠폰 사용하는 방법 좀 알려주세요	장기 리필쿠폰	Coupon_LongTerm		
intent_리필쿠폰_사용_멀티턴	장기 리필쿠폰 사용하는 방법을 알고 싶어요	장기 리필쿠폰	Coupon_LongTerm		
intent_리필쿠폰_사용_멀티턴	장기 리필쿠폰 사용하는 법 알고 싶어	장기 리필쿠폰	Coupon_LongTerm		
intent_리필쿠폰_사용_멀티턴	데이터 충전 리필쿠폰으로 해주세요.	데이터	Data		
intent_리필쿠폰_사용_멀티턴	리필쿠폰으로 인터넷 용량 채워주세요.	인터넷 용량	Data		
intent_리필쿠폰_사용_멀티턴	데이터 충전에 리필 쿠폰 쓰고 싶어요.	데이터	Data		
intent_리필쿠폰_사용_멀티턴	데이터를 쿠폰으로 충전시켜주세요.	데이터	Data		
intent_리필쿠폰_사용_멀티턴	쿠폰으로 음성 통화 채워주세요.	음성 통화	VoiceCall		
intent_리필쿠폰_사용_멀티턴	음성통화 쿠폰으로 리필하고 싶어요.	음성통화	VoiceCall		
intent_리필쿠폰_사용_멀티턴	전화통화 리필쿠폰으로 채워주세요.	전화통화	VoiceCall		
intent_리필쿠폰_사용_멀티턴	통화시간 쿠폰으로 늘려주세요.	통화	VoiceCall		
intent_리필쿠폰_사용_멀티턴	리필쿠폰 데이터 충전	데이터	Data		
intent_리필쿠폰_사용_멀티턴	리필쿠폰으로 데이터 충전하고 싶습니다	데이터	Data		
intent_리필쿠폰_사용_멀티턴	리필쿠폰으로 데이터 충전 좀 할게요	데이터	Data		
intent_리필쿠폰_사용_멀티턴	리필쿠폰으로 데이터 용량 충전하려고 해요	데이터	Data		
intent_리필쿠폰_사용_멀티턴	리필쿠폰으로 데이터 용량 충전할 수 있어?	데이터	Data		
intent_리필쿠폰_사용_멀티턴	리필쿠폰으로 데이터 용량 늘리고 싶어요	데이터	Data		
intent_리필쿠폰_사용_멀티턴	리필쿠폰으로 데이터 용량 늘릴 수 있을까요?	데이터	Data		
intent_리필쿠폰_사용_멀티턴	데이터 용량 리필 쿠폰 사용해서 늘릴 수 있어?	데이터	Data		
intent_리필쿠폰_사용_멀티턴	리필 쿠폰 사용하면 데이터 용량 늘릴 수 있는거야?	데이터	Data		
intent_리필쿠폰_사용_멀티턴	리필 쿠폰으로 데이터 용량 늘리고 싶은데 방법 좀 알려줘	데이터	Data		
intent_리필쿠폰_사용_멀티턴	리필 쿠폰으로 데이터 용량 늘리는 방법 알려줘요	데이터	Data		
intent_리필쿠폰_사용_멀티턴	리필 쿠폰으로 데이터 용량 늘리게 도와줘	데이터	Data		
intent_리필쿠폰_사용_멀티턴	리필 쿠폰으로 데이터 용량 늘릴 수 있는지 궁금해	데이터	Data		
intent_리필쿠폰_사용_멀티턴	리필 쿠폰 데이터에 써도 돼?	데이터	Data		
intent_리필쿠폰_사용_멀티턴	리필 쿠폰 데이터 늘리는데 쓰는 것도 가능해?	데이터	Data		
intent_리필쿠폰_사용_멀티턴	리필 쿠폰 데이터 늘리는 것에 사용하고 싶어	데이터	Data		
intent_리필쿠폰_사용_멀티턴	리필 쿠폰 데이터로 쓰고 싶어	데이터	Data		
intent_리필쿠폰_사용_멀티턴	데이터 용량 리필 쿠폰으로 늘릴 수 있어요?	데이터	Data		
intent_리필쿠폰_사용_멀티턴	데이터 용량 리필 쿠폰으로 늘려도 돼요?	데이터	Data		
intent_리필쿠폰_사용_멀티턴	데이터 용량 리필 쿠폰으로 늘리려면 어떻게 해야 해요?	데이터	Data		
intent_리필쿠폰_사용_멀티턴	어떻게 데이터 용량을 리필 쿠폰으로 늘리지?	데이터	Data		
intent_리필쿠폰_사용_멀티턴	리필 쿠폰으로 데이터 충전하려면 어디로 가야하는 거지?	데이터	Data		
intent_리필쿠폰_사용_멀티턴	어디에서 리필 쿠폰 써서 데이터 충전할 수 있어?	데이터	Data		
intent_리필쿠폰_사용_멀티턴	리필 쿠폰 써서 데이터 충전하는 방법이 뭐야?	데이터	Data		
intent_리필쿠폰_사용_멀티턴	리필 쿠폰 써서 데이터 충전하는 방법을 알려줄 수 있어?	데이터	Data		
intent_리필쿠폰_사용_멀티턴	리필 쿠폰 쓰면 데이터 충전 가능한가?	데이터	Data		
intent_리필쿠폰_사용_멀티턴	리필 쿠폰 사용해서 데이터 충전하기 도와줘	데이터	Data		
intent_리필쿠폰_사용_멀티턴	리필 쿠폰으로 데이터 충전하게 도와줘요	데이터	Data		
intent_리필쿠폰_사용_멀티턴	리필 쿠폰 사용해서 데이터 충전하는 법 알려 주세요	데이터	Data		
intent_리필쿠폰_사용_멀티턴	리필 쿠폰 써서 데이터 충전 어떻게 하지?	데이터	Data		
intent_리필쿠폰_사용_멀티턴	인터넷 용량 리필쿠폰으로 충전할 수 있지?	인터넷 용량	Data		
intent_리필쿠폰_사용_멀티턴	인터넷 용량 리필쿠폰으로 충전하고 싶어요	인터넷 용량	Data		
intent_리필쿠폰_사용_멀티턴	인터넷 데이터 리필쿠폰으로 충전해도 될까?	인터넷 데이터	Data		
intent_리필쿠폰_사용_멀티턴	인터넷 용량 리필쿠폰으로 충전하려면 어떻게 해?	인터넷 용량	Data		
intent_리필쿠폰_사용_멀티턴	인터넷 데이터 떨어졌는데 쿠폰으로 리필할게요	인터넷 데이터	Data		
intent_리필쿠폰_사용_멀티턴	인터넷 용량 떨어진 거 쿠폰으로 리필할 수 있는거죠?	인터넷 용량	Data		
intent_리필쿠폰_사용_멀티턴	인터넷 데이터 떨어진 것을 쿠폰으로 리필하고 싶습니다	인터넷 데이터	Data		
intent_리필쿠폰_사용_멀티턴	인터넷 용량 다 떨어졌는데 쿠폰으로 채울 수 있어?	인터넷 용량	Data		
intent_리필쿠폰_사용_멀티턴	인터넷 데이터 다 떨어졌는데 쿠폰으로 채우고 싶어요	인터넷 데이터	Data		
intent_리필쿠폰_사용_멀티턴	인터넷 용량 다 떨어졌는데 쿠폰으로 채우려고 해	인터넷 용량	Data		
intent_리필쿠폰_사용_멀티턴	쿠폰 사용하면 인터넷 용량 채우기 가능한거지?	인터넷 용량	Data		
intent_리필쿠폰_사용_멀티턴	쿠폰으로 인터넷 용량 채우는 법 문의	인터넷 용량	Data		
intent_리필쿠폰_사용_멀티턴	쿠폰으로 인터넷 데이터 채우는 법 문의합니다	인터넷 데이터	Data		
intent_리필쿠폰_사용_멀티턴	쿠폰으로 인터넷 용량 채우는 법 문의드려도 될까요?	인터넷 용량	Data		
intent_리필쿠폰_사용_멀티턴	쿠폰으로 인터넷 데이터 채우는 법 문의하고 싶어요	인터넷 데이터	Data		
intent_리필쿠폰_사용_멀티턴	음성 통화 시간 쿠폰으로 채울게요	음성 통화	VoiceCall		
intent_리필쿠폰_사용_멀티턴	음성 통화 시간 쿠폰 사용해서 채우겠습니다	음성 통화	VoiceCall		
intent_리필쿠폰_사용_멀티턴	음성 통화 시간 떨어졌는데 쿠폰 사용하면 채울 수 있나요?	음성 통화	VoiceCall		
intent_리필쿠폰_사용_멀티턴	쿠폰 사용으로 음성 통화 시간 채우는 것도 가능하죠?	음성 통화	VoiceCall		
intent_리필쿠폰_사용_멀티턴	쿠폰으로 음성 통화 시간 늘려줘요	음성 통화	VoiceCall		
intent_리필쿠폰_사용_멀티턴	쿠폰으로 음성 통화 시간 늘리는 것도 가능해?	음성 통화	VoiceCall		
intent_리필쿠폰_사용_멀티턴	쿠폰으로 음성 통화 시간 늘리게 하고 싶어	음성 통화	VoiceCall		
intent_리필쿠폰_사용_멀티턴	쿠폰으로 음성 통화 시간 추가하고 싶어요	음성 통화	VoiceCall		
intent_리필쿠폰_사용_멀티턴	쿠폰 사용해서 음성 통화 시간 추가하기	음성 통화	VoiceCall		
intent_리필쿠폰_사용_멀티턴	쿠폰 사용해서 음성 통화 시간 추가할 수 있어요?	음성 통화	VoiceCall		
intent_리필쿠폰_사용_멀티턴	쿠폰 사용으로 음성 통화 시간 추가할게요	음성 통화	VoiceCall		
intent_리필쿠폰_사용_멀티턴	쿠폰을 음성 통화 시간 추가하는데 쓰겠습니다	음성 통화	VoiceCall		
intent_리필쿠폰_사용_멀티턴	쿠폰을 음성 통화 시간 추가하는데 쓰고 싶습니다	음성 통화	VoiceCall		
intent_리필쿠폰_사용_멀티턴	쿠폰을 음성 통화 시간 추가하는데 써도 될까요?	음성 통화	VoiceCall		
intent_리필쿠폰_사용_멀티턴	쿠폰을 음성 통화 시간 추가하는데 쓰는 것도 가능한지요?	음성 통화	VoiceCall		
intent_리필쿠폰_사용_멀티턴	쿠폰으로 음성 통화 시간 추가하려면 어떻게 해?	음성 통화	VoiceCall		
intent_리필쿠폰_사용_멀티턴	어떻게 쿠폰으로 음성 통화 시간 추가하죠?	음성 통화	VoiceCall		
intent_리필쿠폰_사용_멀티턴	쿠폰으로 음성 통화 시간 추가 원합니다	음성 통화	VoiceCall		
intent_리필쿠폰_사용_멀티턴	쿠폰으로 음성 통화 시간 추가할 수 있게 도와 주세요	음성 통화	VoiceCall		
intent_리필쿠폰_사용_멀티턴	쿠폰으로 음성 통화 시간 추가할 수 있게 도와줄 수 있어요?	음성 통화	VoiceCall		
intent_리필쿠폰_사용_멀티턴	전화통화 리필쿠폰으로 채우고 싶어요	전화통화	VoiceCall		
intent_리필쿠폰_사용_멀티턴	전화통화 리필쿠폰으로 채워줘요	전화통화	VoiceCall		
intent_리필쿠폰_사용_멀티턴	전화통화 시간 리필쿠폰으로 채울 수 있을까요?	전화통화	VoiceCall		
intent_리필쿠폰_사용_멀티턴	전화통화 시간 리필쿠폰으로 채워도 되는지 알려 주세요	전화통화	VoiceCall		
intent_리필쿠폰_사용_멀티턴	전화통화 시간 리필쿠폰으로 채우는 법 안내 부탁드립니다	전화통화	VoiceCall		
intent_리필쿠폰_사용_멀티턴	전화통화 리필쿠폰으로 채우도록 도와줘요	전화통화	VoiceCall		
intent_리필쿠폰_사용_멀티턴	전화통화 리필쿠폰으로 채우는 법을 안내해줘	전화통화	VoiceCall		
intent_리필쿠폰_사용_멀티턴	전화통화 리필쿠폰으로 채우는 법 확인할게	전화통화	VoiceCall		
intent_리필쿠폰_사용_멀티턴	전화통화 리필쿠폰으로 채워도 되는 거지?	전화통화	VoiceCall		
intent_리필쿠폰_사용_멀티턴	전화통화 시간 충전에 리필쿠폰 쓰기	전화통화	VoiceCall		
intent_리필쿠폰_사용_멀티턴	전화통화 시간 충전에 리필쿠폰 사용 방법	전화통화	VoiceCall		
intent_리필쿠폰_사용_멀티턴	리필쿠폰으로 전화통화 시간 충전 좀 하자	전화통화	VoiceCall		
intent_리필쿠폰_사용_멀티턴	리필쿠폰으로 전화통화 시간 충전해도 돼?	전화통화	VoiceCall		
intent_리필쿠폰_사용_멀티턴	리필쿠폰으로 전화통화 시간 충전하는 걸 도와줘	전화통화	VoiceCall		
intent_리필쿠폰_사용_멀티턴	리필쿠폰으로 전화통화 시간 늘리고 싶어	전화통화	VoiceCall		
intent_리필쿠폰_사용_멀티턴	리필쿠폰 이용해서 전화통화 시간 늘릴려고 해	전화통화	VoiceCall		
intent_리필쿠폰_사용_멀티턴	리필쿠폰 이용해서 전화통화 시간 늘릴려고 하는데요	전화통화	VoiceCall		
intent_리필쿠폰_사용_멀티턴	쿠폰으로 모바일 데이터 용량 늘릴 수 있는지 궁금해	모바일 데이터	Data		
intent_리필쿠폰_사용_멀티턴	쿠폰으로 모바일 데이터 용량 늘릴 수 있는거죠?	모바일 데이터	Data		
intent_리필쿠폰_사용_멀티턴	쿠폰으로 모바일 데이터 용량 늘리려면?	모바일 데이터	Data		
intent_리필쿠폰_사용_멀티턴	어디서 쿠폰 사용해서 모바일 데이터 용량 채울 수 있어?	모바일 데이터	Data		
intent_리필쿠폰_사용_멀티턴	쿠폰 이용해서 모바일 데이터 용량 채우는 법	모바일 데이터	Data		
intent_리필쿠폰_사용_멀티턴	쿠폰 이용으로 모바일 데이터 용량 채우게 도와줘요	모바일 데이터	Data		
intent_리필쿠폰_사용_멀티턴	쿠폰으로 모바일 데이터 용량 채울 수 있게 안내해줘	모바일 데이터	Data		
intent_리필쿠폰_사용_멀티턴	모바일 데이터 쿠폰으로 채우겠습니다	모바일 데이터	Data		
intent_리필쿠폰_사용_멀티턴	통화 리필에 리필쿠폰 쓰는 방법	통화	VoiceCall		
intent_리필쿠폰_사용_멀티턴	통화 리필에 리필쿠폰 쓰기	통화	VoiceCall		
intent_리필쿠폰_사용_멀티턴	통화 리필하는 데 리필쿠폰 사용법	통화	VoiceCall		
intent_리필쿠폰_사용_멀티턴	통화 리필에 리필쿠폰 쓰는 방법 안내	통화	VoiceCall		
intent_리필쿠폰_사용_멀티턴	통화 리필에 리필쿠폰 사용할게요	통화	VoiceCall		
intent_리필쿠폰_사용_멀티턴	리필쿠폰으로 통화시간 리필하고 싶어	통화	VoiceCall		
intent_리필쿠폰_사용_멀티턴	리필쿠폰으로 통화시간 리필 되는 거지?	통화	VoiceCall		
intent_리필쿠폰_사용_멀티턴	리필쿠폰으로 통화시간 리필해도 돼?	통화	VoiceCall		
intent_리필쿠폰_사용_멀티턴	리필쿠폰으로 통화시간 리필 좀 하자	통화	VoiceCall		
intent_리필쿠폰_사용_멀티턴	리필쿠폰으로 통화 리필을 원합니다	통화	VoiceCall		
intent_리필쿠폰_사용_멀티턴	리필쿠폰 사용해서 통화 시간 리필하려고	통화	VoiceCall		
intent_리필쿠폰_사용_멀티턴	리필쿠폰 사용으로 데이터 용량 리필하기	데이터	Data		
intent_리필쿠폰_사용_멀티턴	리필쿠폰 사용해서 데이터 용량 리필 좀	데이터	Data		
intent_리필쿠폰_사용_멀티턴	리필쿠폰 사용해서 데이터 용량 리필도 가능해?	데이터	Data		
intent_리필쿠폰_사용_멀티턴	리필쿠폰 사용해서 데이터 용량 리필하려면?	데이터	Data		
intent_리필쿠폰_사용_멀티턴	리필쿠폰 사용해서 데이터 용량 리필하는 거 어떻게 해?	데이터	Data		
intent_리필쿠폰_사용_멀티턴	리필쿠폰으로 데이터 용량 리필을 하고 싶은데요	데이터	Data		
intent_리필쿠폰_사용_멀티턴	리필쿠폰으로 데이터 용량 리필해도 될까요?	데이터	Data		
intent_리필쿠폰_사용_멀티턴	리필쿠폰으로 데이터 용량 리필하도록 도와줘요	데이터	Data		
intent_리필쿠폰_사용_멀티턴	데이터 용량 리필쿠폰으로 리필하겠습니다	데이터	Data		
intent_리필쿠폰_사용_멀티턴	데이터 용량 리필쿠폰으로 리필할 수 있어?	데이터	Data		
intent_리필쿠폰_사용_멀티턴	데이터 용량 리필쿠폰으로 리필을 요청합니다	데이터	Data		
intent_리필쿠폰_사용_멀티턴	리필 쿠폰 써서 통화 충전	통화	VoiceCall		
intent_리필쿠폰_사용_멀티턴	리필 쿠폰 사용해서 통화 충전	통화	VoiceCall		
intent_리필쿠폰_사용_멀티턴	리필 쿠폰 사용해서 통화 충전 부탁해	통화	VoiceCall		
intent_리필쿠폰_사용_멀티턴	리필쿠폰 써서 통화 충전 도와주세요	통화	VoiceCall		
intent_리필쿠폰_사용_멀티턴	쿠폰 사용해서 통화 리필	통화	VoiceCall		
intent_리필쿠폰_사용_멀티턴	쿠폰으로 통화 리필	통화	VoiceCall		
intent_리필쿠폰_사용_멀티턴	쿠폰으로 통화 리필할래	통화	VoiceCall		
intent_리필쿠폰_사용_멀티턴	쿠폰으로 통화 리필해 줘	통화	VoiceCall		
intent_리필쿠폰_사용_멀티턴	쿠폰으로 통화 리필하려고	통화	VoiceCall		
intent_리필쿠폰_사용_멀티턴	쿠폰으로 통화 리필할 수 있나요?	통화	VoiceCall		
intent_리필쿠폰_사용_멀티턴	쿠폰으로 통화 리필 가능한가요?	통화	VoiceCall		
intent_리필쿠폰_사용_멀티턴	쿠폰 써서 인터넷 데이터 충전할래	인터넷 데이터	Data		
intent_리필쿠폰_사용_멀티턴	쿠폰 써서 인터넷 데이터 충전하려고요	인터넷 데이터	Data		
intent_리필쿠폰_사용_멀티턴	쿠폰 써서 인터넷 데이터 충전 좀 할게요	인터넷 데이터	Data		
intent_리필쿠폰_사용_멀티턴	쿠폰 써서 인터넷 데이터 충전 부탁드려요	인터넷 데이터	Data		
intent_리필쿠폰_사용_멀티턴	쿠폰 써서 인터넷 데이터 충전하는 거 도와주세요	인터넷 데이터	Data		
intent_리필쿠폰_사용_멀티턴	쿠폰 써서 인터넷 데이터 충전 좀 하자	인터넷 데이터	Data		
intent_리필쿠폰_사용_멀티턴	쿠폰으로 인터넷 데이터 충전하는 거 문의드립니다	인터넷 데이터	Data		
intent_리필쿠폰_사용_멀티턴	리필 쿠폰으로 데이터 충전해줘	데이터	Data		
intent_리필쿠폰_사용_멀티턴	리필 쿠폰 써서 데이터 충전할게	데이터	Data		
intent_리필쿠폰_사용_멀티턴	리필 쿠폰으로 데이터 충전하길 원합니다	데이터	Data		
intent_리필쿠폰_사용_멀티턴	리필 쿠폰으로 데이터 충전하는 것을 요청합니다	데이터	Data		
intent_리필쿠폰_사용_멀티턴	리필 쿠폰 써서 데이터 충전 좀 해줘	데이터	Data		
intent_리필쿠폰_사용_멀티턴	리필 쿠폰으로 데이터 충전하게 도와줘	데이터	Data		
intent_리필쿠폰_사용_멀티턴	쿠폰으로 데이터 리필하려고 해	데이터	Data		
intent_리필쿠폰_사용_멀티턴	가지고 있는 쿠폰으로 데이터 리필할게	데이터	Data		
intent_리필쿠폰_사용_멀티턴	제가 가진 쿠폰으로 데이터 리필할게요	데이터	Data		
intent_리필쿠폰_사용_멀티턴	음성 통화 시간 쿠폰으로 늘리겠습니다	음성 통화	VoiceCall		
intent_리필쿠폰_사용_멀티턴	쿠폰 사용해서 음성 통화 시간 채우길 요청합니다	음성 통화	VoiceCall		
intent_리필쿠폰_사용_멀티턴	쿠폰 사용으로 음성 통화 시간 채우겠습니다	음성 통화	VoiceCall		
intent_리필쿠폰_사용_멀티턴	쿠폰으로 음성 통화 시간 채울게	음성 통화	VoiceCall		
intent_리필쿠폰_사용_멀티턴	쿠폰으로 음성 통화 시간 늘려줘	음성 통화	VoiceCall		
intent_리필쿠폰_사용_멀티턴	쿠폰으로 음성 통화 시간 늘리고 싶어	음성 통화	VoiceCall		
intent_리필쿠폰_사용_멀티턴	쿠폰 사용해서 음성 통화 시간 늘리길 원해요	음성 통화	VoiceCall		
intent_리필쿠폰_사용_멀티턴	쿠폰 써서 음성 통화 시간 추가해줘	음성 통화	VoiceCall		
intent_리필쿠폰_사용_멀티턴	쿠폰으로 음성 통화 시간 추가할게요	음성 통화	VoiceCall		
intent_리필쿠폰_사용_멀티턴	인터넷 데이터 쿠폰 써서 추가하려고	인터넷 데이터	Data		
intent_리필쿠폰_사용_멀티턴	쿠폰 이용해서 인터넷 데이터 채울래요	인터넷 데이터	Data		
intent_리필쿠폰_사용_멀티턴	쿠폰 이용해서 인터넷 데이터 좀 추가하자	인터넷 데이터	Data		
intent_리필쿠폰_사용_멀티턴	인터넷 데이터 추가에 쿠폰 쓰려고 해	인터넷 데이터	Data		
intent_리필쿠폰_사용_멀티턴	인터넷 데이터 추가하는 데 쿠폰 쓰고 싶어	인터넷 데이터	Data		
intent_리필쿠폰_사용_멀티턴	인터넷 데이터 추가할 때 쿠폰 쓰려고 해	인터넷 데이터	Data		
intent_리필쿠폰_사용_멀티턴	인터넷 데이터 추가하고 싶은데 쿠폰 사용할게	인터넷 데이터	Data		
intent_리필쿠폰_사용_멀티턴	리필 쿠폰가지고 데이터 충전하고 싶어	데이터	Data		
intent_리필쿠폰_사용_멀티턴	리필 쿠폰으로 데이터 충전 좀 하고 싶어요	데이터	Data		
intent_리필쿠폰_사용_멀티턴	리필 쿠폰으로 데이터 충전하고 싶어서요	데이터	Data		
intent_리필쿠폰_사용_멀티턴	리필쿠폰 가지고 데이터 충전하기	데이터	Data		
intent_리필쿠폰_사용_멀티턴	리필쿠폰으로 데이터 충전하려면?	데이터	Data		
intent_리필쿠폰_사용_멀티턴	리필쿠폰으로 데이터 충전하는 방법 좀	데이터	Data		
intent_리필쿠폰_사용_멀티턴	리필쿠폰으로 데이터 충전하는 법이 어떻게 돼요?	데이터	Data		
intent_리필쿠폰_사용_멀티턴	리필쿠폰 이용해 데이터 충전하는 방법	데이터	Data		
intent_리필쿠폰_사용_멀티턴	리필쿠폰으로 전화통화 시간 추가해 주세요	전화통화	VoiceCall		
intent_리필쿠폰_사용_멀티턴	리필쿠폰으로 전화통화 시간 좀 추가해줘	전화통화	VoiceCall		
intent_리필쿠폰_사용_멀티턴	리필쿠폰 사용해서 전화통화 시간 좀 추가해줘	전화통화	VoiceCall		
intent_리필쿠폰_사용_멀티턴	가지고 있는 선물 쿠폰으로 데이터 채울 수도 있어요?	데이터	Data	선물 쿠폰	Coupon_Gift
intent_리필쿠폰_사용_멀티턴	나한테 있는 장기 가입 쿠폰으로 통화시간 추가할게	통화	VoiceCall	장기 가입 쿠폰	Coupon_LongTerm
intent_리필쿠폰_사용_멀티턴	내 선물 쿠폰으로 데이터 충전 좀 해줘	데이터	Data	선물 쿠폰	Coupon_Gift
intent_리필쿠폰_사용_멀티턴	데이터 선물 쿠폰으로 채워도 되지?	데이터	Data	선물 쿠폰	Coupon_Gift
intent_리필쿠폰_사용_멀티턴	데이터 충전 선물 쿠폰으로 지금 할게요	데이터	Data	선물 쿠폰	Coupon_Gift
intent_리필쿠폰_사용_멀티턴	데이터 충전 장기가입 쿠폰 써서 지금 할래요	데이터	Data	장기가입 쿠폰	Coupon_LongTerm
intent_리필쿠폰_사용_멀티턴	데이터를 선물 쿠폰으로 충전시켜주세요.	데이터	Data	선물 쿠폰	Coupon_Gift
intent_리필쿠폰_사용_멀티턴	모바일 데이터 리필에 선물 받은 리필쿠폰 사용하려고 하는데요	모바일 데이터	Data	선물 받은 리필쿠폰	Coupon_Gift
intent_리필쿠폰_사용_멀티턴	모바일 데이터 충전 선물 받은 리필쿠폰으로 할게	모바일 데이터	Data	선물 받은 리필쿠폰	Coupon_Gift
intent_리필쿠폰_사용_멀티턴	모바일 데이터 충전에 선물 받은 리필쿠폰 사용하겠습니다	모바일 데이터	Data	선물 받은 리필쿠폰	Coupon_Gift
intent_리필쿠폰_사용_멀티턴	부족한 인터넷 용량 채우는데 장기 리필 쿠폰 써도 돼?	인터넷 용량	Data	장기 리필 쿠폰	Coupon_LongTerm
intent_리필쿠폰_사용_멀티턴	선물 받은 리필쿠폰 모바일 데이터 늘리는 데 쓰자	모바일 데이터	Data	선물 받은 리필쿠폰	Coupon_Gift
intent_리필쿠폰_사용_멀티턴	선물 받은 리필쿠폰 모바일 데이터 리필에 쓸게요	모바일 데이터	Data	선물 받은 리필쿠폰	Coupon_Gift
intent_리필쿠폰_사용_멀티턴	선물 받은 리필쿠폰 모바일 데이터 리필에도 쓸 수 있는지 모르겠어요	모바일 데이터	Data	선물 받은 리필쿠폰	Coupon_Gift
intent_리필쿠폰_사용_멀티턴	선물 받은 리필쿠폰 모바일 데이터 리필하는데에도 쓰이나?	모바일 데이터	Data	선물 받은 리필쿠폰	Coupon_Gift
intent_리필쿠폰_사용_멀티턴	선물 받은 리필쿠폰 모바일 데이터 충전에 사용할게요	모바일 데이터	Data	선물 받은 리필쿠폰	Coupon_Gift
intent_리필쿠폰_사용_멀티턴	선물 받은 리필쿠폰 사용해서 모바일 데이터 리필하려고 합니다	모바일 데이터	Data	선물 받은 리필쿠폰	Coupon_Gift
intent_리필쿠폰_사용_멀티턴	선물 받은 리필쿠폰 써가지고 모바일 데이터 리필하는 법 궁금해	모바일 데이터	Data	선물 받은 리필쿠폰	Coupon_Gift
intent_리필쿠폰_사용_멀티턴	선물 받은 리필쿠폰 썼을 때 모바일 데이터 리필 돼요?	모바일 데이터	Data	선물 받은 리필쿠폰	Coupon_Gift
intent_리필쿠폰_사용_멀티턴	선물 받은 리필쿠폰으로 모바일 데이터 리필 좀 하려고 해	모바일 데이터	Data	선물 받은 리필쿠폰	Coupon_Gift
intent_리필쿠폰_사용_멀티턴	선물 받은 리필쿠폰으로 인터넷 용량 채워주세요.	인터넷 용량	Data	선물 받은 리필쿠폰	Coupon_Gift
intent_리필쿠폰_사용_멀티턴	선물 받은 리필쿠폰은 모바일 데이터 충전에도 쓰이나요?	모바일 데이터	Data	선물 받은 리필쿠폰	Coupon_Gift
intent_리필쿠폰_사용_멀티턴	선물 받은 쿠폰 사용해서 음성 통화 시간 늘리고 싶어요	음성 통화	VoiceCall	선물 받은 쿠폰	Coupon_Gift
intent_리필쿠폰_사용_멀티턴	선물 받은 쿠폰 사용해서 음성 통화 시간 늘릴게요	음성 통화	VoiceCall	선물 받은 쿠폰	Coupon_Gift
intent_리필쿠폰_사용_멀티턴	선물 받은 쿠폰 써가지고 음성 통화 시간 늘릴게	음성 통화	VoiceCall	선물 받은 쿠폰	Coupon_Gift
intent_리필쿠폰_사용_멀티턴	선물 받은 쿠폰 써서 인터넷 용량 채우기 어떻게 해?	인터넷 용량	Data	선물 받은 쿠폰	Coupon_Gift
intent_리필쿠폰_사용_멀티턴	선물 받은 쿠폰 써야하는데 통화에 쓸까?	통화	VoiceCall	선물 받은 쿠폰	Coupon_Gift
intent_리필쿠폰_사용_멀티턴	선물 받은 쿠폰 쓰면 인터넷 데이터 채울 수 있겠지?	인터넷 데이터	Data	선물 받은 쿠폰	Coupon_Gift
intent_리필쿠폰_사용_멀티턴	선물 받은 쿠폰으로 음성 통화 시간 늘리고 싶어요	음성 통화	VoiceCall	선물 받은 쿠폰	Coupon_Gift
intent_리필쿠폰_사용_멀티턴	선물 받은 쿠폰으로 음성 통화 시간 늘릴게	음성 통화	VoiceCall	선물 받은 쿠폰	Coupon_Gift
intent_리필쿠폰_사용_멀티턴	선물 받은 쿠폰으로 음성 통화 충전시켜주세요	선물 받은 쿠폰	Coupon_Gift	음성 통화	VoiceCall
intent_리필쿠폰_사용_멀티턴	선물 받은 쿠폰으로 음성 통화 충전시켜줄 수 있지?	선물 받은 쿠폰	Coupon_Gift	음성 통화	VoiceCall
intent_리필쿠폰_사용_멀티턴	선물 받은 쿠폰으로 음성 통화 충전시켜줘	선물 받은 쿠폰	Coupon_Gift	음성 통화	VoiceCall
intent_리필쿠폰_사용_멀티턴	선물 받은 쿠폰으로 인터넷 용량 채우는 거 어떻게 하는 거야?	인터넷 용량	Data	선물 받은 쿠폰	Coupon_Gift
intent_리필쿠폰_사용_멀티턴	선물 받은 쿠폰으로 모바일 데이터 늘리는 법 뭐야	모바일 데이터	Data	선물 받은 쿠폰	Coupon_Gift
intent_리필쿠폰_사용_멀티턴	선물 받은 쿠폰으로 모바일 데이터 늘리는 법 뭐 있어	모바일 데이터	Data	선물 받은 쿠폰	Coupon_Gift
intent_리필쿠폰_사용_멀티턴	선물 받은 쿠폰으로 모바일 데이터 늘리는 법 알려줘	모바일 데이터	Data	선물 받은 쿠폰	Coupon_Gift
intent_리필쿠폰_사용_멀티턴	선물 쿠폰 가지고 데이터 채우는 방법 알려줘	데이터	Data	선물 쿠폰	Coupon_Gift
intent_리필쿠폰_사용_멀티턴	선물 쿠폰 가지고 있는데 데이터 채우는 데 쓸까?	데이터	Data	선물 쿠폰	Coupon_Gift
intent_리필쿠폰_사용_멀티턴	선물 쿠폰 가진 걸로 데이터 충전할래	데이터	Data	선물 쿠폰	Coupon_Gift
intent_리필쿠폰_사용_멀티턴	선물 쿠폰 데이터 리필하는 데 써도 돼?	데이터	Data	선물 쿠폰	Coupon_Gift
intent_리필쿠폰_사용_멀티턴	선물 쿠폰 데이터 용량 리필하는 데 쓰고 싶어	데이터	Data	선물 쿠폰	Coupon_Gift
intent_리필쿠폰_사용_멀티턴	선물 쿠폰 데이터 용량 채우는 걸로 사용할게요	데이터	Data	선물 쿠폰	Coupon_Gift
intent_리필쿠폰_사용_멀티턴	선물 쿠폰 데이터 채우는데 쓰려면 어떻게 하면 돼?	데이터	Data	선물 쿠폰	Coupon_Gift
intent_리필쿠폰_사용_멀티턴	선물 쿠폰 사용으로 데이터 채우는 걸 원합니다	데이터	Data	선물 쿠폰	Coupon_Gift
intent_리필쿠폰_사용_멀티턴	선물 쿠폰 사용해서 데이터 용량 리필할게	데이터	Data	선물 쿠폰	Coupon_Gift
intent_리필쿠폰_사용_멀티턴	선물 쿠폰 사용해서 데이터 채우는 것을 요청합니다	데이터	Data	선물 쿠폰	Coupon_Gift
intent_리필쿠폰_사용_멀티턴	선물 쿠폰 이용으로 데이터 충전하겠습니다	데이터	Data	선물 쿠폰	Coupon_Gift
intent_리필쿠폰_사용_멀티턴	선물 쿠폰 이용해서 데이터 충전 원해요	데이터	Data	선물 쿠폰	Coupon_Gift
intent_리필쿠폰_사용_멀티턴	선물 쿠폰 이용해서 데이터 충전할게요	데이터	Data	선물 쿠폰	Coupon_Gift
intent_리필쿠폰_사용_멀티턴	선물 쿠폰으로 데이터 중전하겠습니다	데이터	Data	선물 쿠폰	Coupon_Gift
intent_리필쿠폰_사용_멀티턴	선물 쿠폰으로 데이터 채우는 방법 문의해요	데이터	Data	선물 쿠폰	Coupon_Gift
intent_리필쿠폰_사용_멀티턴	선물 쿠폰으로 데이터 충전	데이터	Data	선물 쿠폰	Coupon_Gift
intent_리필쿠폰_사용_멀티턴	선물 쿠폰으로 데이터 충전 도와주세요	데이터	Data	선물 쿠폰	Coupon_Gift
intent_리필쿠폰_사용_멀티턴	선물 쿠폰으로 데이터 충전 부탁해	데이터	Data	선물 쿠폰	Coupon_Gift
intent_리필쿠폰_사용_멀티턴	선물 쿠폰으로 데이터 충전 요청드려요	데이터	Data	선물 쿠폰	Coupon_Gift
intent_리필쿠폰_사용_멀티턴	선물 쿠폰으로 데이터 충전하겠습니다	데이터	Data	선물 쿠폰	Coupon_Gift
intent_리필쿠폰_사용_멀티턴	선물 쿠폰으로 데이터 충전해 줘	데이터	Data	선물 쿠폰	Coupon_Gift
intent_리필쿠폰_사용_멀티턴	선물받은 쿠폰 데이터 용량 리필하는 데 사용할 수 있을까?	데이터	Data	선물받은 쿠폰	Coupon_Gift
intent_리필쿠폰_사용_멀티턴	선물받은 쿠폰 써서 음성 통화 리필 부탁드려요	음성 통화	VoiceCall	선물받은 쿠폰	Coupon_Gift
intent_리필쿠폰_사용_멀티턴	선물받은 쿠폰 써서 음성 통화 리필하겠습니다	음성 통화	VoiceCall	선물받은 쿠폰	Coupon_Gift
intent_리필쿠폰_사용_멀티턴	선물받은 쿠폰 써서 음성 통화 리필하려구요	음성 통화	VoiceCall	선물받은 쿠폰	Coupon_Gift
intent_리필쿠폰_사용_멀티턴	선물받은 쿠폰으로 데이터 충전 해줘요	데이터	Data	선물받은 쿠폰	Coupon_Gift
intent_리필쿠폰_사용_멀티턴	선물받은 쿠폰으로 음성 시간 추가해 줘	음성	VoiceCall	선물받은 쿠폰	Coupon_Gift
intent_리필쿠폰_사용_멀티턴	선물받은 쿠폰으로 통화 시간 추가해주세요	통화	VoiceCall	선물받은 쿠폰	Coupon_Gift
intent_리필쿠폰_사용_멀티턴	선물쿠폰으로 데이터 충전 좀 하겠습니다	데이터	Data	선물쿠폰	Coupon_Gift
intent_리필쿠폰_사용_멀티턴	어디서 선물 쿠폰으로 데이터 리필할 수 있지?	데이터	Data	선물 쿠폰	Coupon_Gift
intent_리필쿠폰_사용_멀티턴	어디에서 선물 받은 쿠폰으로 음성 통화 시간 늘릴 수 있어?	음성 통화	VoiceCall	선물 받은 쿠폰	Coupon_Gift
intent_리필쿠폰_사용_멀티턴	어디에서 선물 쿠폰으로 데이터 리필할 수 있는지 알려줘	데이터	Data	선물 쿠폰	Coupon_Gift
intent_리필쿠폰_사용_멀티턴	어떻게 선물 쿠폰으로 데이터 리필하지?	데이터	Data	선물 쿠폰	Coupon_Gift
intent_리필쿠폰_사용_멀티턴	어떻게 장기가입 리필쿠폰 사용해서 전화통화 시간 늘릴 수 있어?	전화통화	VoiceCall	장기가입 리필쿠폰	Coupon_LongTerm
intent_리필쿠폰_사용_멀티턴	음성 통화 시간 늘리는 건 장기 가입 쿠폰으로도 가능해요?	음성 통화	VoiceCall	장기 가입 쿠폰	Coupon_LongTerm
intent_리필쿠폰_사용_멀티턴	음성 통화 시간 선물 받은 쿠폰 사용해서 늘리겠습니다	음성 통화	VoiceCall	선물 받은 쿠폰	Coupon_Gift
intent_리필쿠폰_사용_멀티턴	음성 통화 시간 추가하고 싶은데, 선물받은 쿠폰 쓸게요	음성 통화	VoiceCall	선물받은 쿠폰	Coupon_Gift
intent_리필쿠폰_사용_멀티턴	음성 통화를 선물받은 쿠폰으로 시간 추가할게요	음성 통화	VoiceCall	선물받은 쿠폰	Coupon_Gift
intent_리필쿠폰_사용_멀티턴	음성통화 장기가입 리필쿠폰으로 리필하고 싶어요.	음성통화	VoiceCall	장기가입 리필쿠폰	Coupon_LongTerm
intent_리필쿠폰_사용_멀티턴	인터넷 데이터 모자란 거 장기 리필 쿠폰으로 채우고 싶어요	인터넷 데이터	Data	장기 리필 쿠폰	Coupon_LongTerm
intent_리필쿠폰_사용_멀티턴	인터넷 데이터 장기 리필 쿠폰 사용해서 충전 가능하지?	인터넷 데이터	Data	장기 리필 쿠폰	Coupon_LongTerm
intent_리필쿠폰_사용_멀티턴	인터넷 데이터 채우는 데 선물쿠폰 사용할게	인터넷 데이터	Data	선물쿠폰	Coupon_Gift
intent_리필쿠폰_사용_멀티턴	인터넷 데이터 채우는 데 선물쿠폰 쓰는 방법 안내 좀	인터넷 데이터	Data	선물쿠폰	Coupon_Gift
intent_리필쿠폰_사용_멀티턴	인터넷 용량 장기 리필 쿠폰으로 채울 수 있어요?	인터넷 용량	Data	장기 리필 쿠폰	Coupon_LongTerm
intent_리필쿠폰_사용_멀티턴	인터넷 용량 채우는 데 선물쿠폰 사용 가능해?	인터넷 용량	Data	선물쿠폰	Coupon_Gift
intent_리필쿠폰_사용_멀티턴	인터넷 용량 채우는 데 선물쿠폰 사용하는 방법 안내해줘	인터넷 용량	Data	선물쿠폰	Coupon_Gift
intent_리필쿠폰_사용_멀티턴	인터넷 용량 채우는 데 선물쿠폰 쓰려면?	인터넷 용량	Data	선물쿠폰	Coupon_Gift
intent_리필쿠폰_사용_멀티턴	있는 장기 쿠폰으로 데이터 충전 지금 하자	데이터	Data	장기 쿠폰	Coupon_LongTerm
intent_리필쿠폰_사용_멀티턴	장기 가입 쿠폰 사용으로 음성 통화 시간 늘리기	음성 통화	VoiceCall	장기 가입 쿠폰	Coupon_LongTerm
intent_리필쿠폰_사용_멀티턴	장기 가입 쿠폰 사용하면 통화 시간 추가도 가능?	통화	VoiceCall	장기 가입 쿠폰	Coupon_LongTerm
intent_리필쿠폰_사용_멀티턴	장기 가입 쿠폰 사용해서 음성 통화 시간 늘리는 법 문의	음성 통화	VoiceCall	장기 가입 쿠폰	Coupon_LongTerm
intent_리필쿠폰_사용_멀티턴	장기 가입 쿠폰 써서 통화 시간 추가할래	통화	VoiceCall	장기 가입 쿠폰	Coupon_LongTerm
intent_리필쿠폰_사용_멀티턴	장기 가입 쿠폰 쓴다면 음성 통화 시간 늘리는 거 되나?	음성 통화	VoiceCall	장기 가입 쿠폰	Coupon_LongTerm
intent_리필쿠폰_사용_멀티턴	장기 가입 쿠폰 쓴다면 음성 통화 시간 늘릴 수 있어?	음성 통화	VoiceCall	장기 가입 쿠폰	Coupon_LongTerm
intent_리필쿠폰_사용_멀티턴	장기 가입 쿠폰 이용해서 통화 시간 넣어줘	통화	VoiceCall	장기 가입 쿠폰	Coupon_LongTerm
intent_리필쿠폰_사용_멀티턴	장기 가입 쿠폰 이용해서 통화 시간 추가를 요청합니다	통화	VoiceCall	장기 가입 쿠폰	Coupon_LongTerm
intent_리필쿠폰_사용_멀티턴	장기 가입 쿠폰 통화 시간 추가로 쓸게	통화	VoiceCall	장기 가입 쿠폰	Coupon_LongTerm
intent_리필쿠폰_사용_멀티턴	장기 가입 쿠폰으로 데이터 리필	데이터	Data	장기 가입 쿠폰	Coupon_LongTerm
intent_리필쿠폰_사용_멀티턴	장기 가입 쿠폰으로 데이터 리필할게요	데이터	Data	장기 가입 쿠폰	Coupon_LongTerm
intent_리필쿠폰_사용_멀티턴	장기 가입 쿠폰으로 데이터 충전할게요	데이터	Data	장기 가입 쿠폰	Coupon_LongTerm
intent_리필쿠폰_사용_멀티턴	장기 가입 쿠폰으로 통화 시간 추가하겠습니다	통화	VoiceCall	장기 가입 쿠폰	Coupon_LongTerm
intent_리필쿠폰_사용_멀티턴	장기 가입 쿠폰으로 통화 시간 추가하고 싶은데	통화	VoiceCall	장기 가입 쿠폰	Coupon_LongTerm
intent_리필쿠폰_사용_멀티턴	장기 가입 쿠폰으로 통화 시간 추가해줘	통화	VoiceCall	장기 가입 쿠폰	Coupon_LongTerm
intent_리필쿠폰_사용_멀티턴	장기 가입 쿠폰은 음성 통화 시간 늘리는 데 쓰일 수도 있어?	음성 통화	VoiceCall	장기 가입 쿠폰	Coupon_LongTerm
intent_리필쿠폰_사용_멀티턴	장기 가입 쿠폰은 통화 시간 추가에도 쓰여?	통화	VoiceCall	장기 가입 쿠폰	Coupon_LongTerm
intent_리필쿠폰_사용_멀티턴	장기 가입 쿠폰은 통화 시간 추가하는데 써도 되지?	통화	VoiceCall	장기 가입 쿠폰	Coupon_LongTerm
intent_리필쿠폰_사용_멀티턴	장기 가입 쿠폰은 통화 시간 추가할 때 어떻게 써?	통화	VoiceCall	장기 가입 쿠폰	Coupon_LongTerm
intent_리필쿠폰_사용_멀티턴	장기 가입 쿠폰은 통화 시간 추가할 때도 쓸 수 있어?	통화	VoiceCall	장기 가입 쿠폰	Coupon_LongTerm
intent_리필쿠폰_사용_멀티턴	장기 리필 쿠폰 사용으로 인터넷 데이터 늘리는 방법 알려줘	인터넷 데이터	Data	장기 리필 쿠폰	Coupon_LongTerm
intent_리필쿠폰_사용_멀티턴	장기 리필 쿠폰 사용으로 통화 시간 채우는 법 안내 좀	통화	VoiceCall	장기 리필 쿠폰	Coupon_LongTerm
intent_리필쿠폰_사용_멀티턴	장기 리필 쿠폰 사용하면 인터넷 용량 늘릴 수 있나?	인터넷 용량	Data	장기 리필 쿠폰	Coupon_LongTerm
intent_리필쿠폰_사용_멀티턴	장기 리필 쿠폰 사용하면 통화 시간도 늘릴 수 있어?	통화	VoiceCall	장기 리필 쿠폰	Coupon_LongTerm
intent_리필쿠폰_사용_멀티턴	장기 리필 쿠폰 사용해서 통화 시간 늘리고 싶다	통화	VoiceCall	장기 리필 쿠폰	Coupon_LongTerm
intent_리필쿠폰_사용_멀티턴	장기 리필 쿠폰 사용해서 통화 시간 늘리는 방법 안내	통화	VoiceCall	장기 리필 쿠폰	Coupon_LongTerm
intent_리필쿠폰_사용_멀티턴	장기 리필 쿠폰 통화 시간 늘리는데 써도 돼?	통화	VoiceCall	장기 리필 쿠폰	Coupon_LongTerm
intent_리필쿠폰_사용_멀티턴	장기 리필 쿠폰 통화 시간 늘리는데 쓰려고 해요	통화	VoiceCall	장기 리필 쿠폰	Coupon_LongTerm
intent_리필쿠폰_사용_멀티턴	장기 리필 쿠폰으로 데이터 쓰고 싶어요.	데이터	Data	장기 리필 쿠폰	Coupon_LongTerm
intent_리필쿠폰_사용_멀티턴	장기 리필 쿠폰으로 통화 시간 늘릴 수 있는건지	통화	VoiceCall	장기 리필 쿠폰	Coupon_LongTerm
intent_리필쿠폰_사용_멀티턴	장기 리필 쿠폰으로 통화 시간 늘릴 수도 있는 거야?	통화	VoiceCall	장기 리필 쿠폰	Coupon_LongTerm
intent_리필쿠폰_사용_멀티턴	장기 리필 쿠폰은 인터넷 용량 늘리는데 쓸 수 있는 건가?	인터넷 용량	Data	장기 리필 쿠폰	Coupon_LongTerm
intent_리필쿠폰_사용_멀티턴	장기가입 리필쿠폰 받았는데 전화통화 시간 충전도 돼?	전화통화	VoiceCall	장기가입 리필쿠폰	Coupon_LongTerm
intent_리필쿠폰_사용_멀티턴	장기가입 리필쿠폰 받았는데 전화통화 충전 어떻게 하지?	전화통화	VoiceCall	장기가입 리필쿠폰	Coupon_LongTerm
intent_리필쿠폰_사용_멀티턴	장기가입 리필쿠폰 받았는데 전화통화 충전하고 싶어	전화통화	VoiceCall	장기가입 리필쿠폰	Coupon_LongTerm
intent_리필쿠폰_사용_멀티턴	장기가입 리필쿠폰 받은 거 써서 전화통화 리필할게요	전화통화	VoiceCall	장기가입 리필쿠폰	Coupon_LongTerm
intent_리필쿠폰_사용_멀티턴	장기가입 리필쿠폰 받은 거 전화통화 리필에 사용할 수 있어?	전화통화	VoiceCall	장기가입 리필쿠폰	Coupon_LongTerm
intent_리필쿠폰_사용_멀티턴	장기가입 리필쿠폰 받은 거 전화통화 리필에도 쓰여?	전화통화	VoiceCall	장기가입 리필쿠폰	Coupon_LongTerm
intent_리필쿠폰_사용_멀티턴	장기가입 리필쿠폰 받은 걸로 전화통화 리필 좀	전화통화	VoiceCall	장기가입 리필쿠폰	Coupon_LongTerm
intent_리필쿠폰_사용_멀티턴	장기가입 리필쿠폰 받은 걸로 전화통화 시간 충전 좀 하고 싶어	전화통화	VoiceCall	장기가입 리필쿠폰	Coupon_LongTerm
intent_리필쿠폰_사용_멀티턴	장기가입 리필쿠폰 사용으로 전화통화 시간 충전 가능?	전화통화	VoiceCall	장기가입 리필쿠폰	Coupon_LongTerm
intent_리필쿠폰_사용_멀티턴	장기가입 리필쿠폰 사용하면 전화통화 시간 충전 가능한가요?	전화통화	VoiceCall	장기가입 리필쿠폰	Coupon_LongTerm
intent_리필쿠폰_사용_멀티턴	장기가입 리필쿠폰 사용하면 전화통화 시간 충전 될까요?	전화통화	VoiceCall	장기가입 리필쿠폰	Coupon_LongTerm
intent_리필쿠폰_사용_멀티턴	장기가입 리필쿠폰 써서 전화통화 리필 좀 할까 싶어	전화통화	VoiceCall	장기가입 리필쿠폰	Coupon_LongTerm
intent_리필쿠폰_사용_멀티턴	장기가입 리필쿠폰 써서 전화통화 리필 좀 합시다	전화통화	VoiceCall	장기가입 리필쿠폰	Coupon_LongTerm
intent_리필쿠폰_사용_멀티턴	장기가입 리필쿠폰 있는데 전화통화 시간 충전에 쓸게	전화통화	VoiceCall	장기가입 리필쿠폰	Coupon_LongTerm
intent_리필쿠폰_사용_멀티턴	장기가입 리필쿠폰 전화통화 충전으로 사용하는 방법	전화통화	VoiceCall	장기가입 리필쿠폰	Coupon_LongTerm
intent_리필쿠폰_사용_멀티턴	장기가입 리필쿠폰 전화통화로 쓰는 방법 문의드려요	전화통화	VoiceCall	장기가입 리필쿠폰	Coupon_LongTerm
intent_리필쿠폰_사용_멀티턴	장기가입 리필쿠폰 전화통화에 쓰기	전화통화	VoiceCall	장기가입 리필쿠폰	Coupon_LongTerm
intent_리필쿠폰_사용_멀티턴	장기가입 리필쿠폰 전화통화에 쓰는 법 설명 좀	전화통화	VoiceCall	장기가입 리필쿠폰	Coupon_LongTerm
intent_리필쿠폰_사용_멀티턴	장기가입 리필쿠폰으로 전화통화 리필 요청할게요	전화통화	VoiceCall	장기가입 리필쿠폰	Coupon_LongTerm
intent_리필쿠폰_사용_멀티턴	장기가입 리필쿠폰으로 전화통화 리필을 요청드려요	전화통화	VoiceCall	장기가입 리필쿠폰	Coupon_LongTerm
intent_리필쿠폰_사용_멀티턴	장기가입 리필쿠폰으로 전화통화 리필하는 법 설명해줘	전화통화	VoiceCall	장기가입 리필쿠폰	Coupon_LongTerm
intent_리필쿠폰_사용_멀티턴	장기가입 쿠폰 가지고 음성 시간 추가 좀 할래	음성	VoiceCall	장기가입 쿠폰	Coupon_LongTerm
intent_리필쿠폰_사용_멀티턴	장기 쿠폰으로 지금 데이터 충전할래	데이터	Data	장기 쿠폰	Coupon_LongTerm
intent_리필쿠폰_사용_멀티턴	장기회원 쿠폰으로 데이터 용량 늘리는 데 써주세요	장기회원 쿠폰	Coupon_LongTerm	데이터	Data
intent_리필쿠폰_사용_멀티턴	장기회원 쿠폰으로 데이터 용량 늘리려고요	장기회원 쿠폰	Coupon_LongTerm	데이터	Data
intent_리필쿠폰_사용_멀티턴	저에게 있는 장기 가입 쿠폰으로 통화시간 추가해도 될까요?	통화	VoiceCall	장기 가입 쿠폰	Coupon_LongTerm
intent_리필쿠폰_사용_멀티턴	전화통화 선물쿠폰으로 채워주세요.	전화통화	VoiceCall	선물쿠폰	Coupon_Gift
intent_리필쿠폰_사용_멀티턴	쿠폰 선물 받은 거로 데이터 충전 부탁해	데이터	Data		
intent_리필쿠폰_사용_멀티턴	쿠폰 선물 받은 거로 데이터 충전 좀	데이터	Data		
intent_리필쿠폰_사용_멀티턴	쿠폰 선물 받은 거로 데이터 충전 좀 해 줘	데이터	Data		
intent_리필쿠폰_사용_멀티턴	쿠폰 선물 받은 거로 데이터 충전하고 싶어요	데이터	Data		
intent_리필쿠폰_사용_멀티턴	쿠폰 선물 받은 거로 데이터 충전할게요	데이터	Data		
intent_리필쿠폰_사용_멀티턴	통화 시간 선물 받은 쿠폰으로 늘리려고 합니다	통화	VoiceCall	선물 받은 쿠폰	Coupon_Gift
intent_리필쿠폰_사용_멀티턴	통화 시간 선물 받은 쿠폰으로 채울게요	통화	VoiceCall	선물 받은 쿠폰	Coupon_Gift
intent_리필쿠폰_사용_멀티턴	리필 쿠폰 사용법 보여줘				
intent_리필쿠폰_사용_멀티턴	리필 쿠폰 사용법 가르쳐 주세요				
intent_리필쿠폰_사용_멀티턴	리필 쿠폰 사용법 보여 주실 수 있어요?				
intent_리필쿠폰_사용_멀티턴	리필 쿠폰 사용법 보자				
intent_리필쿠폰_사용_멀티턴	리필 쿠폰 사용법 알려줬으면 해				
intent_리필쿠폰_사용_멀티턴	리필 쿠폰 사용법 좀 보자				
intent_리필쿠폰_사용_멀티턴	리필 쿠폰 사용법 좀 볼 수 있어?				
intent_리필쿠폰_사용_멀티턴	리필 쿠폰 사용법 좀 보려고 하는데요				
intent_리필쿠폰_사용_멀티턴	리필 쿠폰 사용법 좀 알려 주세요				
intent_리필쿠폰_사용_멀티턴	리필 쿠폰 사용법 좀 보여줬으면 해요				
intent_리필쿠폰_선물_내역_조회	그동안 가족들에게 리필쿠폰 보내줬던 내역 좀 볼게				
intent_리필쿠폰_선물_내역_조회	그동안 가족들에게 리필쿠폰 보내줬던 내역 확인하기				
intent_리필쿠폰_선물_내역_조회	그동안 가족들한테 내 장기 가입 쿠폰을 몇 번이나 보냈더라?	장기 가입 쿠폰	Coupon_LongTerm		
intent_리필쿠폰_선물_내역_조회	그동안 가족들한테 내 장기가입 쿠폰을 얼마나 보내줬었지?	장기가입 쿠폰	Coupon_LongTerm		
intent_리필쿠폰_선물_내역_조회	그동안 내가 리필쿠폰 선물했던 내역 불러오기				
intent_리필쿠폰_선물_내역_조회	그동안 내가 리필쿠폰 선물했던 내역 불러오기 가능하냐				
intent_리필쿠폰_선물_내역_조회	그동안 내가 쿠폰 선물했던 내역 좀				
intent_리필쿠폰_선물_내역_조회	그동안 내가 쿠폰 선물했던 내역 좀 가져와				
intent_리필쿠폰_선물_내역_조회	그동안 내가 쿠폰 선물했던 내역들 좀 볼 수 있게 해줘				
intent_리필쿠폰_선물_내역_조회	그동안 내가 쿠폰 선물했던 내역들 좀 체크하려고요				
intent_리필쿠폰_선물_내역_조회	그동안 내가 쿠폰 선물했던 내역들 확인하려고 해				
intent_리필쿠폰_선물_내역_조회	그동안 리필쿠폰 보냈던 선물 내역				
intent_리필쿠폰_선물_내역_조회	그동안 리필쿠폰 선물 보냈던 내역				
intent_리필쿠폰_선물_내역_조회	그동안 리필쿠폰 선물했던 내역				
intent_리필쿠폰_선물_내역_조회	그동안 리필쿠폰 선물했었던 기록				
intent_리필쿠폰_선물_내역_조회	그동안 리필쿠폰을 보냈던 리스트				
intent_리필쿠폰_선물_내역_조회	그동안 장기 가입 쿠폰 가족들한테 몇 번이나 보냈었는지 내역 좀 보자	장기 가입 쿠폰	Coupon_LongTerm		
intent_리필쿠폰_선물_내역_조회	나한테 리필 쿠폰 선물 받은 사람 명단				
intent_리필쿠폰_선물_내역_조회	나한테 리필 쿠폰 선물 받은 사람 명단 띄워줄 수 있니?				
intent_리필쿠폰_선물_내역_조회	나한테 리필 쿠폰 선물 받은 사람 명단 띄워줘				
intent_리필쿠폰_선물_내역_조회	나한테 리필 쿠폰 선물 받은 사람 명단 불러올 수 있어?				
intent_리필쿠폰_선물_내역_조회	나한테 리필 쿠폰 선물 받은 사람 명단 조회해 볼래				
intent_리필쿠폰_선물_내역_조회	나한테 리필 쿠폰 선물 받은 사람 명단 확인하기				
intent_리필쿠폰_선물_내역_조회	나한테 리필 쿠폰 선물 받은 사람이 누군지 알아볼 수 있나요?				
intent_리필쿠폰_선물_내역_조회	나한테 리필 쿠폰 선물 받은 사람이 누군지 확인이 되나요?				
intent_리필쿠폰_선물_내역_조회	나한테 리필 쿠폰 선물 받은 사람이 누군지 확인할 수 있나요?				
intent_리필쿠폰_선물_내역_조회	나한테 있던 장기 가입 쿠폰을 내가 누구한테 선물해줬지?	장기 가입 쿠폰	Coupon_LongTerm		
intent_리필쿠폰_선물_내역_조회	나한테 있던 장기 가입 쿠폰을 누구한테 선물했더라?	장기 가입 쿠폰	Coupon_LongTerm		
intent_리필쿠폰_선물_내역_조회	내 리필쿠폰 선물 내역 조회하는 거 할 수 있냐?				
intent_리필쿠폰_선물_내역_조회	내 장기 가입 쿠폰 선물했던 목록 볼 수 있어?	장기 가입 쿠폰	Coupon_LongTerm		
intent_리필쿠폰_선물_내역_조회	내 장기 가입 쿠폰 선물했던 목록 좀 볼 수 있어?	장기 가입 쿠폰	Coupon_LongTerm		
intent_리필쿠폰_선물_내역_조회	내 장기 가입 쿠폰 선물했던 목록을 좀 확인하고 싶은데 가능하니?	장기 가입 쿠폰	Coupon_LongTerm		
intent_리필쿠폰_선물_내역_조회	내 장기 가입 쿠폰을 누구에게 선물 했었는지 내역 좀 볼래	장기 가입 쿠폰	Coupon_LongTerm		
intent_리필쿠폰_선물_내역_조회	내가 그동안 리필 쿠폰 전송한 내역				
intent_리필쿠폰_선물_내역_조회	내가 다른 사람한테 리필 쿠폰 전송한 내역				
intent_리필쿠폰_선물_내역_조회	내가 리필 쿠폰 공유한 기록 볼 수 있어?				
intent_리필쿠폰_선물_내역_조회	내가 선물한 리필쿠폰 리스트 보여줘				
intent_리필쿠폰_선물_내역_조회	내가 지금까지 리필쿠폰 선물을 얼마나 했니?				
intent_리필쿠폰_선물_내역_조회	내가 지금까지 리필쿠폰을 몇 명한테 보냈더라?				
intent_리필쿠폰_선물_내역_조회	내가 지금까지 장기 리필 쿠폰 전송한 내역	장기 리필 쿠폰	Coupon_LongTerm		
intent_리필쿠폰_선물_내역_조회	내가 쿠폰 보내줬던 사람들 명단				
intent_리필쿠폰_선물_내역_조회	내가 쿠폰 보내줬던 사람들 명단 보고싶어				
intent_리필쿠폰_선물_내역_조회	내가 쿠폰 보내줬던 사람들 명단 보기				
intent_리필쿠폰_선물_내역_조회	내가 쿠폰 보냈던 리스트				
intent_리필쿠폰_선물_내역_조회	내가 쿠폰 보냈던 리스트 조회				
intent_리필쿠폰_선물_내역_조회	내가 쿠폰 보냈던 리스트 조회 부탁할게				
intent_리필쿠폰_선물_내역_조회	내가 쿠폰 보냈던 리스트 조회 한 번 해 봐				
intent_리필쿠폰_선물_내역_조회	내가 쿠폰 보냈던 리스트 조회하기				
intent_리필쿠폰_선물_내역_조회	내가 쿠폰 보냈던 리스트 조회해 줘				
intent_리필쿠폰_선물_내역_조회	내가 쿠폰 전송했던 사람들 명단 보여줘				
intent_리필쿠폰_선물_내역_조회	내가 쿠폰 전송했던 사람들 명단이 궁금합니다				
intent_리필쿠폰_선물_내역_조회	내가 쿠폰 전송했던 사람들 명단이 궁금해				
intent_리필쿠폰_선물_내역_조회	내가 쿠폰 전송했던 사람들 명단이 궁금해요				
intent_리필쿠폰_선물_내역_조회	내가 쿠폰을 누구 누구한테 선물했는지 명단 좀				
intent_리필쿠폰_선물_내역_조회	내가 쿠폰을 누구 누구한테 선물했더라?				
intent_리필쿠폰_선물_내역_조회	내가 쿠폰을 누구 누구한테 선물했었지?				
intent_리필쿠폰_선물_내역_조회	내가 쿠폰을 누구한테 보내줬었는지 볼 수 있어?				
intent_리필쿠폰_선물_내역_조회	내가 쿠폰을 누구한테 보내줬었는지 알 수 있냐?				
intent_리필쿠폰_선물_내역_조회	내가 쿠폰을 누구한테 보내줬었는지 확인하는 거 가능해?				
intent_리필쿠폰_선물_내역_조회	누구한테 리필 쿠폰 보냈었는지 알려주세요.				
intent_리필쿠폰_선물_내역_조회	누구누구한테 리필 쿠폰 보내줬었더라?				
intent_리필쿠폰_선물_내역_조회	리필 쿠폰 공유한 기록				
intent_리필쿠폰_선물_내역_조회	리필 쿠폰 공유한 기록 가져와				
intent_리필쿠폰_선물_내역_조회	리필 쿠폰 공유한 기록 불러오기				
intent_리필쿠폰_선물_내역_조회	리필 쿠폰 공유한 기록 조회 좀 해 봐				
intent_리필쿠폰_선물_내역_조회	리필 쿠폰 공유한 기록 조회해 줘				
intent_리필쿠폰_선물_내역_조회	리필 쿠폰 공유한 기록 좀 보여주세요				
intent_리필쿠폰_선물_내역_조회	리필 쿠폰 공유한 기록 좀 보자				
intent_리필쿠폰_선물_내역_조회	리필 쿠폰 공유한 기록을 좀 확인해보고 싶어요				
intent_리필쿠폰_선물_내역_조회	리필 쿠폰 공유한 기록이 남아 있나요?				
intent_리필쿠폰_선물_내역_조회	리필 쿠폰 공유한 기록이 필요한데 좀 볼 수 있어?				
intent_리필쿠폰_선물_내역_조회	리필 쿠폰 공유한 기록이 필요해				
intent_리필쿠폰_선물_내역_조회	리필 쿠폰 보내줬던 명단				
intent_리필쿠폰_선물_내역_조회	리필 쿠폰 보내줬던 명단 가져오기				
intent_리필쿠폰_선물_내역_조회	리필 쿠폰 보내줬던 명단 가져올 수 있니?				
intent_리필쿠폰_선물_내역_조회	리필 쿠폰 보내줬던 명단 불러오기				
intent_리필쿠폰_선물_내역_조회	리필 쿠폰 보내줬던 명단 불러와				
intent_리필쿠폰_선물_내역_조회	리필 쿠폰 보내줬던 명단 좀 가져와				
intent_리필쿠폰_선물_내역_조회	리필 쿠폰 보낸 목록 확인				
intent_리필쿠폰_선물_내역_조회	리필 쿠폰 보낸 목록 확인 요청				
intent_리필쿠폰_선물_내역_조회	리필 쿠폰 보낸 목록 확인 요청할게요				
intent_리필쿠폰_선물_내역_조회	리필 쿠폰 보낸 목록 확인 한 번 할 수 있을까?				
intent_리필쿠폰_선물_내역_조회	리필 쿠폰 보낸 목록 확인하는 거 가능한가요?				
intent_리필쿠폰_선물_내역_조회	리필 쿠폰 보낸 목록 확인할 수 있나요?				
intent_리필쿠폰_선물_내역_조회	리필 쿠폰 선물 목록				
intent_리필쿠폰_선물_내역_조회	리필 쿠폰 선물한 거 내역 좀 보고 싶어요				
intent_리필쿠폰_선물_내역_조회	리필 쿠폰 선물한 거 내역 혹시 확인 가능한가요?				
intent_리필쿠폰_선물_내역_조회	리필 쿠폰 선물을 내가 몇 번이나 했냐				
intent_리필쿠폰_선물_내역_조회	리필 쿠폰 선물을 제가 몇 번이나 했나요?				
intent_리필쿠폰_선물_내역_조회	리필 쿠폰 선물을 제가 몇 번이나 했는지 알 수 있나요?				
intent_리필쿠폰_선물_내역_조회	리필 쿠폰 선물을 제가 몇 번이나 했는지 조회 한 번 할게요				
intent_리필쿠폰_선물_내역_조회	리필 쿠폰 선물을 제가 몇 번이나 했었는지 궁금해요				
intent_리필쿠폰_선물_내역_조회	리필 쿠폰 선물을 제가 몇 번이나 했었지요?				
intent_리필쿠폰_선물_내역_조회	리필 쿠폰 선물하기 이용한 내역				
intent_리필쿠폰_선물_내역_조회	리필 쿠폰 선물하기 했던 내역 좀 보자				
intent_리필쿠폰_선물_내역_조회	리필 쿠폰 지금까지 선물한 기록 좀 볼래요				
intent_리필쿠폰_선물_내역_조회	리필 쿠폰 지금까지 선물한 내역 확인 가능한지요?				
intent_리필쿠폰_선물_내역_조회	쿠폰 지금까지 선물했던 내역 좀 봅시다				
intent_리필쿠폰_선물_내역_조회	리필쿠폰 누구에게 선물했었죠?				
intent_리필쿠폰_선물_내역_조회	리필쿠폰 누구누구한테 선물했었는지 확인 돼?				
intent_리필쿠폰_선물_내역_조회	리필 쿠폰 누구누구한테 줬었는지 볼 수 있니?				
intent_리필쿠폰_선물_내역_조회	리필쿠폰 보낸 목록 보고싶어				
intent_리필쿠폰_선물_내역_조회	리필쿠폰 사용 목록 보기				
intent_리필쿠폰_선물_내역_조회	리필 쿠폰 선물 내역 조회				
intent_리필쿠폰_선물_내역_조회	리필쿠폰 선물 내역 조회 부탁합니다				
intent_리필쿠폰_선물_내역_조회	리필쿠폰 선물 내역 조회 부탁해요				
intent_리필쿠폰_선물_내역_조회	리필쿠폰 선물 내역 조회 요청할게요				
intent_리필쿠폰_선물_내역_조회	리필쿠폰 선물 내역 조회 좀				
intent_리필쿠폰_선물_내역_조회	리필쿠폰 선물 내역 조회 한 번 해보려고요				
intent_리필쿠폰_선물_내역_조회	리필쿠폰을 내가 누구에게 선물했더라				
intent_리필쿠폰_선물_내역_조회	리필쿠폰을 내가 누구에게 선물했었는지 기록이 남아 있나요?				
intent_리필쿠폰_선물_내역_조회	리필쿠폰을 내가 누구에게 선물했었는지 지금 좀 볼 수 있을까?				
intent_리필쿠폰_선물_내역_조회	리필쿠폰을 내가 누구에게 선물했었는지 확인이 되나요?				
intent_리필쿠폰_선물_내역_조회	리필쿠폰을 내가 누구에게 선물했었지?				
intent_리필쿠폰_선물_내역_조회	리필쿠폰을 누구한테 몇 번이나 보냈지?				
intent_리필쿠폰_선물_내역_조회	장기 가입 리필 쿠폰을 누구한테 선물했는지 좀 보려고	장기 가입 리필 쿠폰	Coupon_LongTerm		
intent_리필쿠폰_선물_내역_조회	장기 가입 리필 쿠폰을 누구한테 선물했는지 좀 보여줘	장기 가입 리필 쿠폰	Coupon_LongTerm		
intent_리필쿠폰_선물_내역_조회	장기 가입 리필 쿠폰을 누구한테 선물했는지 좀 보자	장기 가입 리필 쿠폰	Coupon_LongTerm		
intent_리필쿠폰_선물_내역_조회	장기 가입 리필 쿠폰을 누구한테 선물했는지 좀 볼게요	장기 가입 리필 쿠폰	Coupon_LongTerm		
intent_리필쿠폰_선물_내역_조회	장기 가입 리필 쿠폰을 누구한테 선물했는지 확인할 수 있니?	장기 가입 리필 쿠폰	Coupon_LongTerm		
intent_리필쿠폰_선물_내역_조회	장기 가입 리필 쿠폰을 누구한테 선물했더라?	장기 가입 리필 쿠폰	Coupon_LongTerm		
intent_리필쿠폰_선물_내역_조회	장기 가입 리필 쿠폰을 누구한테 선물했지?	장기 가입 리필 쿠폰	Coupon_LongTerm		
intent_리필쿠폰_선물_내역_조회	장기 가입 쿠폰 공유했던 기록을 좀 보고 싶은데요	장기 가입 쿠폰	Coupon_LongTerm		
intent_리필쿠폰_선물_내역_조회	장기 가입 쿠폰 선물한 내역 조회 부탁합니다	장기 가입 쿠폰	Coupon_LongTerm		
intent_리필쿠폰_선물_내역_조회	장기 가입 쿠폰 선물한 내역 조회 좀 해보려고 해요	장기 가입 쿠폰	Coupon_LongTerm		
intent_리필쿠폰_선물_내역_조회	장기 가입 쿠폰 선물한 내역 조회할 수 있나요?	장기 가입 쿠폰	Coupon_LongTerm		
intent_리필쿠폰_선물_내역_조회	장기 가입 쿠폰을 내가 누구한테 선물했더라?	장기 가입 쿠폰	Coupon_LongTerm		
intent_리필쿠폰_선물_내역_조회	장기 리필 쿠폰 선물했던 내역 보고 싶어	장기 리필 쿠폰	Coupon_LongTerm		
intent_리필쿠폰_선물_내역_조회	장기 리필 쿠폰 선물했던 내역 볼래	장기 리필 쿠폰	Coupon_LongTerm		
intent_리필쿠폰_선물_내역_조회	장기 리필 쿠폰 선물했던 내역 좀 보게 해 줘	장기 리필 쿠폰	Coupon_LongTerm		
intent_리필쿠폰_선물_내역_조회	장기 리필 쿠폰 선물했던 내역 좀 보려고 해요	장기 리필 쿠폰	Coupon_LongTerm		
intent_리필쿠폰_선물_내역_조회	장기 리필 쿠폰 선물했던 내역 좀 보여줄 수 있니?	장기 리필 쿠폰	Coupon_LongTerm		
intent_리필쿠폰_선물_내역_조회	장기 리필 쿠폰 선물했던 내역 좀 볼 수 있을까?	장기 리필 쿠폰	Coupon_LongTerm		
intent_리필쿠폰_선물_내역_조회	장기 회원 쿠폰 선물했던 내역 좀 볼게	장기 회원 쿠폰	Coupon_LongTerm		
intent_리필쿠폰_선물_내역_조회	장기 회원 쿠폰 선물했던 내역 좀 봤으면 하는데	장기 회원 쿠폰	Coupon_LongTerm		
intent_리필쿠폰_선물_내역_조회	장기 회원 쿠폰 선물했던 내역이 보고 싶어요	장기 회원 쿠폰	Coupon_LongTerm		
intent_리필쿠폰_선물_내역_조회	장기 회원 쿠폰을 누구한테 선물했었는지 알려줘	장기 회원 쿠폰	Coupon_LongTerm		
intent_리필쿠폰_선물_내역_조회	장기 회원 쿠폰을 누구한테 선물했었는지 좀 가르쳐주라	장기 회원 쿠폰	Coupon_LongTerm		
intent_리필쿠폰_선물_내역_조회	장기 회원 쿠폰을 누구한테 선물했었지?	장기 회원 쿠폰	Coupon_LongTerm		
intent_리필쿠폰_선물_내역_조회	제 리필쿠폰 선물 내역 조회 부탁할게요				
intent_리필쿠폰_선물_내역_조회	지금까지 가족들한테 보내줬던 리필 쿠폰 내역 확인해 줘				
intent_리필쿠폰_선물_내역_조회	지금까지 내가 가족들한테 보내줬던 리필 쿠폰 내역 좀 조회해 줘				
intent_리필쿠폰_선물_내역_조회	지금까지 내가 리필쿠폰 선물한 거 확인 한 번 해볼래				
intent_리필쿠폰_선물_내역_조회	지금까지 내가 리필쿠폰 선물한 내역 알려주는 기능 있냐				
intent_리필쿠폰_선물_내역_조회	지금까지 내가 리필쿠폰 선물한 내역 알려줄 수 있니?				
intent_리필쿠폰_선물_내역_조회	지금까지 내가 리필쿠폰 선물한 내역 알려줘				
intent_리필쿠폰_선물_내역_조회	지금까지 내가 리필쿠폰 선물한 내역 좀 알려줄래				
intent_리필쿠폰_선물_내역_조회	지금까지 내가 리필쿠폰 선물한 내역도 알려주냐?				
intent_리필쿠폰_선물_내역_조회	지금까지 내가 장기 가입 쿠폰 공유했던 목록 있으면 좀 보여줘	장기 가입 쿠폰	Coupon_LongTerm		
intent_리필쿠폰_선물_내역_조회	지금까지 내가 쿠폰 선물했던 기록 좀 보여줘				
intent_리필쿠폰_선물_내역_조회	지금까지 내가 쿠폰 보낸 내역				
intent_리필쿠폰_선물_내역_조회	지금까지 쿠폰 보냈던 내역 좀 보여줘				
intent_리필쿠폰_선물_내역_조회	지금까지 내가 쿠폰 보낸 내역 조회할 수 있을까?				
intent_리필쿠폰_선물_내역_조회	지금까지 내가 쿠폰 보낸 내역 확인				
intent_리필쿠폰_선물_내역_조회	지금까지 내가 쿠폰 보낸 내역 확인 좀 할게				
intent_리필쿠폰_선물_내역_조회	지금까지 내가 쿠폰 보낸 내역 확인 좀 해줘				
intent_리필쿠폰_선물_내역_조회	지금까지 내가 쿠폰 보낸 내역 확인이 하고 싶어				
intent_리필쿠폰_선물_내역_조회	지금까지 내가 쿠폰 선물한 거 확인 좀 하려고요				
intent_리필쿠폰_선물_내역_조회	지금까지 내가 쿠폰 선물한 거 확인 좀 해보자				
intent_리필쿠폰_선물_내역_조회	지금까지 리필쿠폰 보낸 목록				
intent_리필쿠폰_선물_내역_조회	지금까지 리필쿠폰 보낸 목록 보고 싶은데 될까				
intent_리필쿠폰_선물_내역_조회	지금까지 리필쿠폰 보낸 목록 보여주세요				
intent_리필쿠폰_선물_내역_조회	지금까지 제가 리필쿠폰 보낸 내역 확인 부탁합니다				
intent_리필쿠폰_선물_내역_조회	지금까지 제가 리필쿠폰 보냈던 내역 좀 볼게요				
intent_리필쿠폰_선물_내역_조회	지금까지 제가 리필쿠폰 선물한 내역 알려주길 바랍니다				
intent_리필쿠폰_선물_내역_조회	지금까지 제가 리필쿠폰 선물한 내역 알려주세요				
intent_리필쿠폰_선물_내역_조회	지금까지 제가 쿠폰 보낸 내역 조회 좀 해주시겠어요?				
intent_리필쿠폰_선물_내역_조회	지금까지 제가 쿠폰 보낸 내역 조회를 좀 하고 싶어서요				
intent_리필쿠폰_선물_내역_조회	지금까지 제가 쿠폰 보낸 내역 조회할 수 있을까?				
intent_리필쿠폰_선물_내역_조회	지금까지 쿠폰 보낸 목록 보여줘				
intent_리필쿠폰_선물_내역_조회	지금까지 쿠폰 보낸 목록 보여줘요				
intent_리필쿠폰_선물_내역_조회	지금까지 쿠폰 보낸 목록 좀 보려고 해				
intent_리필쿠폰_선물_내역_조회	지금까지 쿠폰 선물한 거 볼 수 있나?				
intent_리필쿠폰_선물_내역_조회	지금까지 쿠폰 선물한 거 볼 수 있어요?				
intent_리필쿠폰_선물_내역_조회	지금까지 쿠폰 선물한 거 볼 수 있으려나?				
intent_리필쿠폰_선물_내역_조회	지금까지 쿠폰 선물한 거 볼 수 있을까?				
intent_리필쿠폰_선물_내역_조회	쿠폰 공유한 기록				
intent_리필쿠폰_선물_내역_조회	쿠폰 공유했던 기록				
intent_리필쿠폰_선물_내역_조회	쿠폰 공유했던 내역				
intent_리필쿠폰_선물_내역_조회	쿠폰 공유했었던 기록 확인하기				
intent_리필쿠폰_선물_내역_조회	쿠폰 다른 사람 누구 줬더라				
intent_리필쿠폰_선물_내역_조회	쿠폰 다른 사람 줬던 내역				
intent_리필쿠폰_선물_내역_조회	쿠폰 보내줬던 리스트 남아 있나요?				
intent_리필쿠폰_선물_내역_조회	쿠폰 선물했던 기록 남아 있어요?				
intent_리필쿠폰_선물_내역_조회	쿠폰 보낸 적이 있는데 그 내역을 좀 볼 수 있니?				
intent_리필쿠폰_선물_내역_조회	쿠폰 선물한 기록				
intent_리필쿠폰_선물_내역_조회	쿠폰 선물한 기록 남아 있는지 확인 좀				
intent_리필쿠폰_선물_내역_조회	쿠폰 선물한 기록 남아 있는지 확인해 줘				
intent_리필쿠폰_선물_내역_조회	쿠폰 선물한 기록 남아 있을까요?				
intent_리필쿠폰_선물_내역_조회	쿠폰 선물한 기록 있나요?				
intent_리필쿠폰_선물_내역_조회	쿠폰 선물한 기록 있니?				
intent_리필쿠폰_선물_내역_조회	쿠폰 선물한 기록 있을까요?				
intent_리필쿠폰_선물_내역_조회	쿠폰 선물한 기록이 남아 있나요?				
intent_리필쿠폰_선물_내역_조회	쿠폰 선물한 기록이 있나요?				
intent_리필쿠폰_선물_내역_조회	쿠폰 선물한 내역 알려주세요.				
intent_리필쿠폰_선물_내역_조회	쿠폰 선물 내역 좀 볼래				
intent_리필쿠폰_선물_내역_조회	리필쿠폰 선물했던 기록 좀 보여줘				
intent_리필쿠폰_선물_내역_조회	리필 쿠폰 선물한 기록 볼 수 있나요?				
intent_리필쿠폰_선물_내역_조회	쿠폰 전송했던 기록 좀 볼까				
intent_리필쿠폰_선물_내역_조회	쿠폰 전송했던 내역들 좀 볼 수 있니?				
intent_리필쿠폰_선물_내역_조회	쿠폰 지금까지 누구한테 줬었는지 명단 볼 수 있어?				
intent_리필쿠폰_선물_내역_조회	쿠폰을 다른 사람한테 선물한 적 있는데 기록 좀 볼게요				
intent_리필쿠폰_선물_내역_조회	쿠폰을 보냈었는데 그 상세 내역 확인 좀 하고 싶어서요				
intent_리필쿠폰_선물_내역_조회	리필쿠폰 선물 내역 조회 좀 해주세요				
intent_리필쿠폰_선물_내역_조회	리필쿠폰 선물한 내역 조회해주라				
intent_리필쿠폰_선물_내역_조회	리필쿠폰 선물 내역 좀 조회해 줘				
intent_리필쿠폰_선물_내역_조회	장기 가입 쿠폰 선물한 내역 확인하기	장기 가입 쿠폰	Coupon_LongTerm		
intent_리필쿠폰_선물_내역_조회	장기 가입 쿠폰 선물한 내역 보기	장기 가입 쿠폰	Coupon_LongTerm		
intent_리필쿠폰_선물_내역_조회	장기 가입 쿠폰 선물한 내역 조회하려면?	장기 가입 쿠폰	Coupon_LongTerm		
intent_리필쿠폰_선물_내역_조회	지금까지 내가 리필쿠폰 선물한 거 확인할게요				
intent_리필쿠폰_선물_내역_조회	지금까지 내가 리필쿠폰 선물한 것 확인하려고				
intent_리필쿠폰_선물_내역_조회	지금까지 내가 리필쿠폰 선물한 거 확인 좀 할래				
intent_리필쿠폰_선물_내역_조회	그동안 내가 리필쿠폰 선물했던 내역 궁금한데				
intent_리필쿠폰_선물_내역_조회	그동안 제가 리필쿠폰 선물했던 내역 궁금해요				
intent_리필쿠폰_선물_내역_조회	그동안 제가 리필쿠폰 선물했던 내역 궁금한데요				
intent_리필쿠폰_선물_내역_조회	그동안 내가 리필쿠폰 선물한 내역 궁금해서				
intent_리필쿠폰_선물_내역_조회	그동안 리필쿠폰 선물한 목록 보여줘				
intent_리필쿠폰_선물_내역_조회	그동안 리필쿠폰 선물한 목록 안내 좀				
intent_리필쿠폰_선물_내역_조회	그동안 리필쿠폰 선물한 목록 볼게				
intent_리필쿠폰_선물_내역_조회	그동안 리필쿠폰 선물한 목록을 볼게요				
intent_리필쿠폰_선물_내역_조회	내 리필쿠폰 선물 내역 조회해				
intent_리필쿠폰_선물_내역_조회	내 리필쿠폰 선물 내역 조회해줘				
intent_리필쿠폰_선물_내역_조회	내 리필쿠폰 선물 내역 조회 좀				
intent_리필쿠폰_선물_내역_조회	내 리필쿠폰 선물 내역 조회를 원해				
intent_리필쿠폰_선물_내역_조회	내가 쿠폰 전송한 내역 보려고 해				
intent_리필쿠폰_선물_내역_조회	내가 쿠폰 전송한 내역 보기				
intent_리필쿠폰_선물_내역_조회	내가 쿠폰 전송한 내역 좀 볼래				
intent_리필쿠폰_선물_내역_조회	내가 쿠폰 전송한 내역 볼게				
intent_리필쿠폰_선물_내역_조회	내가 쿠폰을 누구한테 보내줬어?				
intent_리필쿠폰_선물_내역_조회	내가 쿠폰을 누구한테 보내줬을까?				
intent_리필쿠폰_선물_내역_조회	내가 쿠폰을 누구한테 보내준거지?				
intent_리필쿠폰_선물_내역_조회	내가 쿠폰을 누구한테 보내줬는지 궁금해				
intent_리필쿠폰_선물_내역_조회	리필 쿠폰 선물 목록 확인				
intent_리필쿠폰_선물_내역_조회	리필 쿠폰 선물 목록 확인 좀				
intent_리필쿠폰_선물_내역_조회	리필 쿠폰 선물 목록 확인할게				
intent_리필쿠폰_선물_내역_조회	리필 쿠폰 선물 목록 확인할래				
intent_리필쿠폰_선물_내역_조회	리필 쿠폰 전송한 내역 보기				
intent_리필쿠폰_선물_내역_조회	리필 쿠폰 전송한 내역 보기를 원해				
intent_리필쿠폰_선물_내역_조회	리필 쿠폰 전송한 내역 좀 볼게				
intent_리필쿠폰_선물_내역_조회	리필 쿠폰 전송한 내역 보려고 해요				
intent_리필쿠폰_선물_내역_조회	리필 쿠폰 선물하기 이용한 내역 알려줘				
intent_리필쿠폰_선물_내역_조회	리필 쿠폰 선물하기 이용한 내역 봅시다				
intent_리필쿠폰_선물_내역_조회	리필 쿠폰 선물하기 이용한 내역 보려고 하는데요				
intent_리필쿠폰_선물_내역_조회	리필 쿠폰 선물하기 이용한 내역 알 수 있을까요?				
intent_리필쿠폰_선물_내역_조회	리필 쿠폰 선물하기 이용한 내역 확인해도 될까요?				
intent_리필쿠폰_선물하기_멀티턴	나 장기 가입자라 쿠폰 받은 거 좀 선물하자				
intent_리필쿠폰_선물하기_멀티턴	나한테 있는 쿠폰을 전송할 수 있나?				
intent_리필쿠폰_선물하기_멀티턴	나한테 있는 리필 쿠폰 선물할 수 있을까?				
intent_리필쿠폰_선물하기_멀티턴	나한테 있는 리필 쿠폰 선물할 수 있나요?				
intent_리필쿠폰_선물하기_멀티턴	나한테 있는 리필 쿠폰 선물할 수 있니?				
intent_리필쿠폰_선물하기_멀티턴	내 리필 쿠폰 선물 가능한가?				
intent_리필쿠폰_선물하기_멀티턴	내 리필 쿠폰 좀 전송하려고				
intent_리필쿠폰_선물하기_멀티턴	내 리필 쿠폰을 공유할 수 있나				
intent_리필쿠폰_선물하기_멀티턴	내 리필할 수 있는 쿠폰 선물되나?				
intent_리필쿠폰_선물하기_멀티턴	내 쿠폰 공유 좀 할라구				
intent_리필쿠폰_선물하기_멀티턴	내 쿠폰 공유하고 싶어서				
intent_리필쿠폰_선물하기_멀티턴	내 쿠폰 선물 가능하니?				
intent_리필쿠폰_선물하기_멀티턴	내 쿠폰 선물 좀 하고 싶은데요				
intent_리필쿠폰_선물하기_멀티턴	내 쿠폰 선물 좀 합시다				
intent_리필쿠폰_선물하기_멀티턴	내 쿠폰 전송하려고 하는데				
intent_리필쿠폰_선물하기_멀티턴	내 쿠폰을 보내줄 수 있나요?				
intent_리필쿠폰_선물하기_멀티턴	내가 가진 리필 쿠폰 공유 가능해?				
intent_리필쿠폰_선물하기_멀티턴	다른 사람한테 받은 쿠폰 공유 좀 할래	다른 사람한테 받은 쿠폰	Coupon_Gift		
intent_리필쿠폰_선물하기_멀티턴	다른 사람한테 받은 쿠폰도 보내주는 거 되나요?	다른 사람한테 받은 쿠폰	Coupon_Gift		
intent_리필쿠폰_선물하기_멀티턴	다른 사람한테 받은 쿠폰도 선물 가능한가요?	다른 사람한테 받은 쿠폰	Coupon_Gift		
intent_리필쿠폰_선물하기_멀티턴	다른 사람한테 받은 쿠폰도 전송 가능할까?	다른 사람한테 받은 쿠폰	Coupon_Gift		
intent_리필쿠폰_선물하기_멀티턴	딴 사람한테 받은 쿠폰 선물 좀 하고 싶은데요	딴 사람한테 받은 쿠폰	Coupon_Gift		
intent_리필쿠폰_선물하기_멀티턴	딴 사람한테 받은 쿠폰 선물하고 싶어서 연락드려요	딴 사람한테 받은 쿠폰	Coupon_Gift		
intent_리필쿠폰_선물하기_멀티턴	리필 가능한 쿠폰 선물할 수 있어요?				
intent_리필쿠폰_선물하기_멀티턴	리필 쿠폰 공유 가능한가?				
intent_리필쿠폰_선물하기_멀티턴	리필 쿠폰 공유하겠습니다				
intent_리필쿠폰_선물하기_멀티턴	리필 쿠폰 공유하고 싶어요				
intent_리필쿠폰_선물하기_멀티턴	리필 쿠폰 공유하려고요				
intent_리필쿠폰_선물하기_멀티턴	리필 쿠폰 보내려구요				
intent_리필쿠폰_선물하기_멀티턴	리필 쿠폰 보내자				
intent_리필쿠폰_선물하기_멀티턴	리필 쿠폰 보내주세요				
intent_리필쿠폰_선물하기_멀티턴	리필 쿠폰 보내줘				
intent_리필쿠폰_선물하기_멀티턴	리필 쿠폰 보낼래				
intent_리필쿠폰_선물하기_멀티턴	리필 쿠폰 보낼래요				
intent_리필쿠폰_선물하기_멀티턴	리필 쿠폰 선물하겠습니다				
intent_리필쿠폰_선물하기_멀티턴	리필 쿠폰 선물해 주고 싶은데요				
intent_리필쿠폰_선물하기_멀티턴	리필 쿠폰 어떻게 보내는 거야?				
intent_리필쿠폰_선물하기_멀티턴	리필 쿠폰 어떻게 보내지?				
intent_리필쿠폰_선물하기_멀티턴	리필 쿠폰 전송 가능한가 해서요				
intent_리필쿠폰_선물하기_멀티턴	리필 쿠폰 전송 가능한가요?				
intent_리필쿠폰_선물하기_멀티턴	리필 쿠폰 전송 문의드려요				
intent_리필쿠폰_선물하기_멀티턴	리필 쿠폰 전송 안내 부탁해				
intent_리필쿠폰_선물하기_멀티턴	리필 쿠폰 전송 안내해 줘				
intent_리필쿠폰_선물하기_멀티턴	리필 쿠폰 전송하려고				
intent_리필쿠폰_선물하기_멀티턴	리필 쿠폰 전송할 수 있나요?				
intent_리필쿠폰_선물하기_멀티턴	리필 쿠폰 좀 보내겠습니다				
intent_리필쿠폰_선물하기_멀티턴	리필 쿠폰 좀 보내주라				
intent_리필쿠폰_선물하기_멀티턴	리필 쿠폰 좀 보내주세요				
intent_리필쿠폰_선물하기_멀티턴	리필 쿠폰 좀 보내줘				
intent_리필쿠폰_선물하기_멀티턴	리필 쿠폰 줄래				
intent_리필쿠폰_선물하기_멀티턴	리필되는 쿠폰 공유 좀 도와주실래요?				
intent_리필쿠폰_선물하기_멀티턴	리필되는 쿠폰 어떻게 공유하나?				
intent_리필쿠폰_선물하기_멀티턴	리필되는 쿠폰 전송				
intent_리필쿠폰_선물하기_멀티턴	리필쿠폰 보내는 거 도와줘				
intent_리필쿠폰_선물하기_멀티턴	리필쿠폰 보내려면 어떻게 하지?				
intent_리필쿠폰_선물하기_멀티턴	리필쿠폰 선물 가능해요?				
intent_리필쿠폰_선물하기_멀티턴	리필쿠폰 선물로 줄 수 있어?				
intent_리필쿠폰_선물하기_멀티턴	리필쿠폰 선물하겠습니다				
intent_리필쿠폰_선물하기_멀티턴	리필쿠폰 선물하려구요				
intent_리필쿠폰_선물하기_멀티턴	리필쿠폰 선물할 수 있나요?				
intent_리필쿠폰_선물하기_멀티턴	리필쿠폰 선물할래				
intent_리필쿠폰_선물하기_멀티턴	리필쿠폰 전송 문의				
intent_리필쿠폰_선물하기_멀티턴	리필쿠폰 좀 선물하려고요				
intent_리필쿠폰_선물하기_멀티턴	리필쿠폰 주고 싶어요				
intent_리필쿠폰_선물하기_멀티턴	리필쿠폰은 어떻게 보내는 거야?				
intent_리필쿠폰_선물하기_멀티턴	리필하는 쿠폰 그거 선물할 수 있을까요?				
intent_리필쿠폰_선물하기_멀티턴	리필하는 쿠폰 선물 가능해?				
intent_리필쿠폰_선물하기_멀티턴	리필할 수 있는 쿠폰 공유할게요				
intent_리필쿠폰_선물하기_멀티턴	리필할 수 있는 쿠폰 전달 좀 하겠습니다				
intent_리필쿠폰_선물하기_멀티턴	리필할 수 있는 쿠폰 전송 좀 부탁드려요				
intent_리필쿠폰_선물하기_멀티턴	리필할 수 있는 쿠폰 좀 선물하려고				
intent_리필쿠폰_선물하기_멀티턴	무료 쿠폰 보낼 수 있나				
intent_리필쿠폰_선물하기_멀티턴	무료 쿠폰 선물 가능한지요?				
intent_리필쿠폰_선물하기_멀티턴	무료 쿠폰 선물돼?				
intent_리필쿠폰_선물하기_멀티턴	선물받은 쿠폰 공유 안내	선물받은 쿠폰	Coupon_Gift		
intent_리필쿠폰_선물하기_멀티턴	선물받은 쿠폰 공유 좀 하고 싶은데	선물받은 쿠폰	Coupon_Gift		
intent_리필쿠폰_선물하기_멀티턴	선물받은 쿠폰 공유하기	선물받은 쿠폰	Coupon_Gift		
intent_리필쿠폰_선물하기_멀티턴	선물받은 쿠폰 다시 보낼 수 있나	선물받은 쿠폰	Coupon_Gift		
intent_리필쿠폰_선물하기_멀티턴	선물받은 쿠폰 다시 선물할 수 있어요?	선물받은 쿠폰	Coupon_Gift		
intent_리필쿠폰_선물하기_멀티턴	선물받은 쿠폰 선물 문의	선물받은 쿠폰	Coupon_Gift		
intent_리필쿠폰_선물하기_멀티턴	선물받은 쿠폰 선물 안내	선물받은 쿠폰	Coupon_Gift		
intent_리필쿠폰_선물하기_멀티턴	선물받은 쿠폰 전송 안내	선물받은 쿠폰	Coupon_Gift		
intent_리필쿠폰_선물하기_멀티턴	선물받은 쿠폰 전송 좀 하려구요	선물받은 쿠폰	Coupon_Gift		
intent_리필쿠폰_선물하기_멀티턴	선물받은 쿠폰을 다시 선물할래	선물받은 쿠폰	Coupon_Gift		
intent_리필쿠폰_선물하기_멀티턴	장기 가입 쿠폰 받은 거 선물할 수 있나요?	장기 가입 쿠폰	Coupon_LongTerm		
intent_리필쿠폰_선물하기_멀티턴	장기 가입 쿠폰 선물 문의드립니다	장기 가입 쿠폰	Coupon_LongTerm		
intent_리필쿠폰_선물하기_멀티턴	장기 가입 쿠폰 선물 문의하려구요	장기 가입 쿠폰	Coupon_LongTerm		
intent_리필쿠폰_선물하기_멀티턴	장기 가입 쿠폰 선물로 줄 수 있어요?	장기 가입 쿠폰	Coupon_LongTerm		
intent_리필쿠폰_선물하기_멀티턴	장기 가입 쿠폰 선물할 수 있나?	장기 가입 쿠폰	Coupon_LongTerm		
intent_리필쿠폰_선물하기_멀티턴	장기 가입 쿠폰 전송하겠습니다	장기 가입 쿠폰	Coupon_LongTerm		
intent_리필쿠폰_선물하기_멀티턴	장기 가입 쿠폰 전송하고 싶어요	장기 가입 쿠폰	Coupon_LongTerm		
intent_리필쿠폰_선물하기_멀티턴	장기 가입 쿠폰 전송하기	장기 가입 쿠폰	Coupon_LongTerm		
intent_리필쿠폰_선물하기_멀티턴	장기 가입 쿠폰 전송하려구요	장기 가입 쿠폰	Coupon_LongTerm		
intent_리필쿠폰_선물하기_멀티턴	장기 가입 쿠폰 전송하자	장기 가입 쿠폰	Coupon_LongTerm		
intent_리필쿠폰_선물하기_멀티턴	장기 가입자 무료 쿠폰 보내는 거 좀 도와줘	장기 가입자 무료 쿠폰	Coupon_LongTerm		
intent_리필쿠폰_선물하기_멀티턴	장기 가입자 무료 쿠폰 보낼 거야	장기 가입자 무료 쿠폰	Coupon_LongTerm		
intent_리필쿠폰_선물하기_멀티턴	장기 가입자 무료 쿠폰 보낼 수 있는 거 맞죠	장기 가입자 무료 쿠폰	Coupon_LongTerm		
intent_리필쿠폰_선물하기_멀티턴	장기 가입자 무료 쿠폰 선물하려구 하는데	장기 가입자 무료 쿠폰	Coupon_LongTerm		
intent_리필쿠폰_선물하기_멀티턴	장기 가입자 무료 쿠폰 전송 안내 부탁드려요	장기 가입자 무료 쿠폰	Coupon_LongTerm		
intent_리필쿠폰_선물하기_멀티턴	장기 가입자 무료 쿠폰 전송 안내 부탁합니다	장기 가입자 무료 쿠폰	Coupon_LongTerm		
intent_리필쿠폰_선물하기_멀티턴	장기 가입자 무료 쿠폰을 좀 공유할 수 있을까요?	장기 가입자 무료 쿠폰	Coupon_LongTerm		
intent_리필쿠폰_선물하기_멀티턴	장기 가입자 무료 쿠폰이요 선물 가능한가요?	장기 가입자 무료 쿠폰	Coupon_LongTerm		
intent_리필쿠폰_선물하기_멀티턴	장기 가입자여서 받은 쿠폰 선물하려구요	장기 가입자여서 받은 쿠폰	Coupon_LongTerm		
intent_리필쿠폰_선물하기_멀티턴	장기 리필 쿠폰 공유	장기 리필 쿠폰	Coupon_LongTerm		
intent_리필쿠폰_선물하기_멀티턴	장기 리필 쿠폰 공유하려구요	장기 리필 쿠폰	Coupon_LongTerm		
intent_리필쿠폰_선물하기_멀티턴	장기 리필 쿠폰 공유할래	장기 리필 쿠폰	Coupon_LongTerm		
intent_리필쿠폰_선물하기_멀티턴	장기 리필 쿠폰 받은 거 공유 가능한가요?	장기 리필 쿠폰	Coupon_LongTerm		
intent_리필쿠폰_선물하기_멀티턴	장기 리필 쿠폰 받은 거 공유 좀 도와주세요	장기 리필 쿠폰	Coupon_LongTerm		
intent_리필쿠폰_선물하기_멀티턴	장기 리필 쿠폰 받은 거 선물하고 싶어서요	장기 리필 쿠폰	Coupon_LongTerm		
intent_리필쿠폰_선물하기_멀티턴	장기 리필 쿠폰 선물	장기 리필 쿠폰	Coupon_LongTerm		
intent_리필쿠폰_선물하기_멀티턴	장기 리필 쿠폰 선물해 줄 수 있을까?	장기 리필 쿠폰	Coupon_LongTerm		
intent_리필쿠폰_선물하기_멀티턴	장기 리필 쿠폰 전송 도와주라	장기 리필 쿠폰	Coupon_LongTerm		
intent_리필쿠폰_선물하기_멀티턴	장기 리필 쿠폰 전송 문의드려요	장기 리필 쿠폰	Coupon_LongTerm		
intent_리필쿠폰_선물하기_멀티턴	장기 리필 쿠폰 전송 좀 도와줘	장기 리필 쿠폰	Coupon_LongTerm		
intent_리필쿠폰_선물하기_멀티턴	장기 리필 쿠폰 전송되나 모르겠네	장기 리필 쿠폰	Coupon_LongTerm		
intent_리필쿠폰_선물하기_멀티턴	장기 리필 쿠폰 전송할 수 있을까?	장기 리필 쿠폰	Coupon_LongTerm		
intent_리필쿠폰_선물하기_멀티턴	장기 리필 쿠폰을 선물해 주고 싶은데	장기 리필 쿠폰	Coupon_LongTerm		
intent_리필쿠폰_선물하기_멀티턴	장기 리필 쿠폰 전송은 어떻게 하지요?	장기 리필 쿠폰	Coupon_LongTerm		
intent_리필쿠폰_선물하기_멀티턴	장기 리필 쿠폰 전송은 어떻게 하는 걸까?	장기 리필 쿠폰	Coupon_LongTerm		
intent_리필쿠폰_선물하기_멀티턴	장기 리필 쿠폰 전송은 어떻게 하는 건가요?	장기 리필 쿠폰	Coupon_LongTerm		
intent_리필쿠폰_선물하기_멀티턴	장기 장기 가입 쿠폰 선물로 보내고 싶어요	장기 가입 쿠폰	Coupon_LongTerm		
intent_리필쿠폰_선물하기_멀티턴	장기 장기 가입 쿠폰 선물하는 거 가능한가요?	장기 가입 쿠폰	Coupon_LongTerm		
intent_리필쿠폰_선물하기_멀티턴	장기 장기 가입 쿠폰을 선물로 보낼 수 있을까요?	장기 가입 쿠폰	Coupon_LongTerm		
intent_리필쿠폰_선물하기_멀티턴	장기가입 쿠폰 보내고 싶어요	장기가입 쿠폰	Coupon_LongTerm		
intent_리필쿠폰_선물하기_멀티턴	장기가입 쿠폰 보내기	장기가입 쿠폰	Coupon_LongTerm		
intent_리필쿠폰_선물하기_멀티턴	장기가입 쿠폰 보내주기	장기가입 쿠폰	Coupon_LongTerm		
intent_리필쿠폰_선물하기_멀티턴	장기가입 쿠폰 선물 보내고 싶어요	장기가입 쿠폰	Coupon_LongTerm		
intent_리필쿠폰_선물하기_멀티턴	장기가입 쿠폰 주기	장기가입 쿠폰	Coupon_LongTerm		
intent_리필쿠폰_선물하기_멀티턴	저 장기 가입자여서 받은 쿠폰이 있는데 이거 선물 좀 하려구요	장기 가입자여서 받은 쿠폰	Coupon_LongTerm		
intent_리필쿠폰_선물하기_멀티턴	저한테 있는 리필 쿠폰 공유 가능한가 해서요				
intent_리필쿠폰_선물하기_멀티턴	저한테 있는 쿠폰 전송해 주고 싶어서요				
intent_리필쿠폰_선물하기_멀티턴	저한테 있는 쿠폰을 좀 선물하려고 합니다				
intent_리필쿠폰_선물하기_멀티턴	제 리필 쿠폰 전송 부탁드려요				
intent_리필쿠폰_선물하기_멀티턴	제 리필 쿠폰 전송 좀 합시다				
intent_리필쿠폰_선물하기_멀티턴	제 무료 쿠폰을 좀 보낼까 하는데요				
intent_리필쿠폰_선물하기_멀티턴	제 무표 쿠폰 보낼 수 있나 여쭤보려구요				
intent_리필쿠폰_선물하기_멀티턴	제 쿠폰 선물할 수 있어요?				
intent_리필쿠폰_선물하기_멀티턴	제 쿠폰 전송할 수 있을까요?				
intent_리필쿠폰_선물하기_멀티턴	제 쿠폰 좀 공유하려구요				
intent_리필쿠폰_선물하기_멀티턴	제 쿠폰을 공유할 수 있을까 해서요				
intent_리필쿠폰_선물하기_멀티턴	제 쿠폰을 좀 선물하려구요				
intent_리필쿠폰_선물하기_멀티턴	제 회선에 있는 리필 쿠폰 선물하려구요				
intent_리필쿠폰_선물하기_멀티턴	제 회선에 있는 리필 쿠폰 선물할 수 있을까요?				
intent_리필쿠폰_선물하기_멀티턴	제 회선에 있는 리필 쿠폰을 공유 부탁드립니다				
intent_리필쿠폰_선물하기_멀티턴	제 회선에 있는 리필 쿠폰을 좀 공유하고 싶어요				
intent_리필쿠폰_선물하기_멀티턴	제가 가지고 있는 장기 가입 쿠폰을 선물하려구요	장기 가입 쿠폰	Coupon_LongTerm		
intent_리필쿠폰_선물하기_멀티턴	제가 가진 리필 쿠폰 좀 선물하고 싶어서요				
intent_리필쿠폰_선물하기_멀티턴	제가 가진 리필 쿠폰을 선물할 수 있나요?				
intent_리필쿠폰_선물하기_멀티턴	제가 가진 장기 가입 쿠폰을 공유할까 하는데	장기 가입 쿠폰	Coupon_LongTerm		
intent_리필쿠폰_선물하기_멀티턴	제가 가진 쿠폰 공유 좀 도와주세요				
intent_리필쿠폰_선물하기_멀티턴	제가 가진 쿠폰도 공유할 수 있을까요?				
intent_리필쿠폰_선물하기_멀티턴	제가 장기 가입자라서 쿠폰을 받은 게 있는데 전송 좀 부탁드립니다				
intent_리필쿠폰_선물하기_멀티턴	쿠폰 공유 가능한가요?				
intent_리필쿠폰_선물하기_멀티턴	쿠폰 공유 문의				
intent_리필쿠폰_선물하기_멀티턴	쿠폰 공유 안내 부탁드립니다				
intent_리필쿠폰_선물하기_멀티턴	쿠폰 공유 안내해 주세요				
intent_리필쿠폰_선물하기_멀티턴	쿠폰 공유하는 거 여쭤보려구요				
intent_리필쿠폰_선물하기_멀티턴	쿠폰 선물 도와주세요				
intent_리필쿠폰_선물하기_멀티턴	쿠폰 선물 도와줘				
intent_리필쿠폰_선물하기_멀티턴	쿠폰 선물 어떻게 해?				
intent_리필쿠폰_선물하기_멀티턴	쿠폰 선물하려면?				
intent_리필쿠폰_선물하기_멀티턴	쿠폰 선물할 수 있나 해서요				
intent_리필쿠폰_선물하기_멀티턴	쿠폰 선물 어떻게 하는 거냐				
intent_리필쿠폰_선물하기_멀티턴	쿠폰 선물 어떻게 하는 거냐고				
intent_리필쿠폰_선물하기_멀티턴	쿠폰 선물 어떻게 하는 건가요				
intent_리필쿠폰_선물하기_멀티턴	쿠폰 전송 문의할게요				
intent_리필쿠폰_선물하기_멀티턴	쿠폰 전송 어떻게 하는 건지?				
intent_리필쿠폰_선물하기_멀티턴	쿠폰 전송하려면 어떻게 해야 하나요?				
intent_리필쿠폰_선물하기_멀티턴	쿠폰도 공유할 수 있어요?				
intent_리필쿠폰_선물하기_멀티턴	010-4142-3682로 리필 쿠폰 보내고 싶어요	010-4142-3682	PhoneNumber		
intent_리필쿠폰_선물하기_멀티턴	010-4142-3682로 리필 쿠폰 보내주시면 감사하겠습니다	010-4142-3682	PhoneNumber		
intent_리필쿠폰_선물하기_멀티턴	010-4142-3682로 리필 쿠폰 보내주실 수 있나요?	010-4142-3682	PhoneNumber		
intent_리필쿠폰_선물하기_멀티턴	010-4142-3682로 리필 쿠폰 보낼 수 있나요?	010-4142-3682	PhoneNumber		
intent_리필쿠폰_선물하기_멀티턴	010-4142-3682로 리필쿠폰 공유 가능하지?	010-4142-3682	PhoneNumber		
intent_리필쿠폰_선물하기_멀티턴	010-4142-3682로 선물받은 쿠폰 다시 전송하기	010-4142-3682	PhoneNumber	선물받은 쿠폰	Coupon_Gift
intent_리필쿠폰_선물하기_멀티턴	010-4142-3682로 장기 가입 쿠폰 선물 가능할까요?	010-4142-3682	PhoneNumber	장기 가입 쿠폰	Coupon_LongTerm
intent_리필쿠폰_선물하기_멀티턴	010-4142-3682로 장기 가입 쿠폰 선물하려구요	010-4142-3682	PhoneNumber	장기 가입 쿠폰	Coupon_LongTerm
intent_리필쿠폰_선물하기_멀티턴	010-4142-3682로 장기 가입 쿠폰 선물하자	010-4142-3682	PhoneNumber	장기 가입 쿠폰	Coupon_LongTerm
intent_리필쿠폰_선물하기_멀티턴	010-4142-3682로 장기 가입 쿠폰 선물할 수 있을까?	010-4142-3682	PhoneNumber	장기 가입 쿠폰	Coupon_LongTerm
intent_리필쿠폰_선물하기_멀티턴	010-4142-3682로 장기 리필 쿠폰 보내줄래?	010-4142-3682	PhoneNumber	장기 리필 쿠폰	Coupon_LongTerm
intent_리필쿠폰_선물하기_멀티턴	010-4142-3682로 장기 리필 쿠폰 보내줘	010-4142-3682	PhoneNumber	장기 리필 쿠폰	Coupon_LongTerm
intent_리필쿠폰_선물하기_멀티턴	010-4142-3682로 장기 리필 쿠폰 보내줄 수 있니?	010-4142-3682	PhoneNumber	장기 리필 쿠폰	Coupon_LongTerm
intent_리필쿠폰_선물하기_멀티턴	010-4142-3682로 장기가입 쿠폰 선물해주세요.	010-4142-3682	PhoneNumber	장기가입 쿠폰	Coupon_LongTerm
intent_리필쿠폰_선물하기_멀티턴	010-4142-3682로 장기가입쿠폰 전송 도와줘	010-4142-3682	PhoneNumber	장기가입쿠폰	Coupon_LongTerm
intent_리필쿠폰_선물하기_멀티턴	010-4142-3682로 장기가입쿠폰 전송할래요	010-4142-3682	PhoneNumber	장기가입쿠폰	Coupon_LongTerm
intent_리필쿠폰_선물하기_멀티턴	010-4142-3682로 쿠폰 공유할게	010-4142-3682	PhoneNumber		
intent_리필쿠폰_선물하기_멀티턴	010-4142-3682로 쿠폰 공유해 줘	010-4142-3682	PhoneNumber		
intent_리필쿠폰_선물하기_멀티턴	010-4142-3682로 쿠폰 보내겠습니다	010-4142-3682	PhoneNumber		
intent_리필쿠폰_선물하기_멀티턴	010-4142-3682로 쿠폰 보내는 거 도와주세요	010-4142-3682	PhoneNumber		
intent_리필쿠폰_선물하기_멀티턴	010-4142-3682로 쿠폰 보내는 방법이 어떻게 되나요?	010-4142-3682	PhoneNumber		
intent_리필쿠폰_선물하기_멀티턴	010-4142-3682로 쿠폰 보내는 방법 설명 좀	010-4142-3682	PhoneNumber		
intent_리필쿠폰_선물하기_멀티턴	010-4142-3682로 쿠폰 보내는 방법 좀 알려줘	010-4142-3682	PhoneNumber		
intent_리필쿠폰_선물하기_멀티턴	010-4142-3682로 쿠폰 보내려고	010-4142-3682	PhoneNumber		
intent_리필쿠폰_선물하기_멀티턴	010-4142-3682로 쿠폰 보내려고 하는데요	010-4142-3682	PhoneNumber		
intent_리필쿠폰_선물하기_멀티턴	010-4142-3682로 쿠폰 보내주라	010-4142-3682	PhoneNumber		
intent_리필쿠폰_선물하기_멀티턴	010-4142-3682로 쿠폰 보내주실 수 있나 해서	010-4142-3682	PhoneNumber		
intent_리필쿠폰_선물하기_멀티턴	010-4142-3682로 쿠폰 보내줘	010-4142-3682	PhoneNumber		
intent_리필쿠폰_선물하기_멀티턴	010-4142-3682로 쿠폰 보낼래	010-4142-3682	PhoneNumber		
intent_리필쿠폰_선물하기_멀티턴	010-4142-3682로 쿠폰 보낼래요	010-4142-3682	PhoneNumber		
intent_리필쿠폰_선물하기_멀티턴	010-4142-3682로 쿠폰 선물 보내줘	010-4142-3682	PhoneNumber		
intent_리필쿠폰_선물하기_멀티턴	010-4142-3682로 쿠폰 선물되죠?	010-4142-3682	PhoneNumber		
intent_리필쿠폰_선물하기_멀티턴	010-4142-3682로 쿠폰 선물하겠습니다	010-4142-3682	PhoneNumber		
intent_리필쿠폰_선물하기_멀티턴	010-4142-3682로 쿠폰 선물할 수 있으려나?	010-4142-3682	PhoneNumber		
intent_리필쿠폰_선물하기_멀티턴	010-4142-3682로 쿠폰 선물할게요	010-4142-3682	PhoneNumber		
intent_리필쿠폰_선물하기_멀티턴	010-4142-3682로 쿠폰 선물할래	010-4142-3682	PhoneNumber		
intent_리필쿠폰_선물하기_멀티턴	010-4142-3682로 쿠폰 선물해 줘요	010-4142-3682	PhoneNumber		
intent_리필쿠폰_선물하기_멀티턴	010-4142-3682로 쿠폰 선물해줄 수 있지?	010-4142-3682	PhoneNumber		
intent_리필쿠폰_선물하기_멀티턴	010-4142-3682로 쿠폰 좀 보내고 싶은데요	010-4142-3682	PhoneNumber		
intent_리필쿠폰_선물하기_멀티턴	010-4142-3682로 쿠폰 좀 보내려구요	010-4142-3682	PhoneNumber		
intent_리필쿠폰_선물하기_멀티턴	010-4142-3682로 쿠폰을 선물로 보내겠습니다	010-4142-3682	PhoneNumber		
intent_리필쿠폰_선물하기_멀티턴	010-4142-3682번에 리필 쿠폰 전송	010-4142-3682	PhoneNumber		
intent_리필쿠폰_선물하기_멀티턴	010-4142-3682번에 장기 리필 쿠폰을 선물해 주고 싶은데요	010-4142-3682	PhoneNumber	장기 리필 쿠폰	Coupon_LongTerm
intent_리필쿠폰_선물하기_멀티턴	010-4142-3682번에 쿠폰 공유 부탁드리려구요	010-4142-3682	PhoneNumber		
intent_리필쿠폰_선물하기_멀티턴	010-4142-3682번에 쿠폰 공유하겠습니다	010-4142-3682	PhoneNumber		
intent_리필쿠폰_선물하기_멀티턴	010-4142-3682번에 쿠폰 보내는 거 도와줘	010-4142-3682	PhoneNumber		
intent_리필쿠폰_선물하기_멀티턴	010-4142-3682번에 쿠폰 선물로 줄 수 있어요?	010-4142-3682	PhoneNumber		
intent_리필쿠폰_선물하기_멀티턴	010-4142-3682번에 쿠폰 선물할 수 있나 해서	010-4142-3682	PhoneNumber		
intent_리필쿠폰_선물하기_멀티턴	010-4142-3682번에 쿠폰 줄래	010-4142-3682	PhoneNumber		
intent_리필쿠폰_선물하기_멀티턴	010-4142-3682번에다가 쿠폰 주고 싶어요	010-4142-3682	PhoneNumber		
intent_리필쿠폰_선물하기_멀티턴	010-4142-3682번에다가 쿠폰을 공유하려고 하는데요	010-4142-3682	PhoneNumber		
intent_리필쿠폰_선물하기_멀티턴	010-4142-3682번으로 장기 리필 쿠폰 선물해 줄 수 있을까요?	010-4142-3682	PhoneNumber	장기 리필 쿠폰	Coupon_LongTerm
intent_리필쿠폰_선물하기_멀티턴	010-4142-3682에 리필 쿠폰 공유할 수 있나?	010-4142-3682	PhoneNumber		
intent_리필쿠폰_선물하기_멀티턴	010-4142-3682에 리필 쿠폰 보내기	010-4142-3682	PhoneNumber		
intent_리필쿠폰_선물하기_멀티턴	010-4142-3682에 리필 쿠폰 전송하기	010-4142-3682	PhoneNumber		
intent_리필쿠폰_선물하기_멀티턴	010-4142-3682에 리필쿠폰 공유할래	010-4142-3682	PhoneNumber		
intent_리필쿠폰_선물하기_멀티턴	010-4142-3682에 선물받은 쿠폰 공유하겠습니다	010-4142-3682	PhoneNumber	선물받은 쿠폰	Coupon_Gift
intent_리필쿠폰_선물하기_멀티턴	010-4142-3682에 선물받은 쿠폰 다시 선물할래	010-4142-3682	PhoneNumber	선물받은 쿠폰	Coupon_Gift
intent_리필쿠폰_선물하기_멀티턴	010-4142-3682에 장기 가입 쿠폰 보내려면 어떻게 하지?	010-4142-3682	PhoneNumber	장기 가입 쿠폰	Coupon_LongTerm
intent_리필쿠폰_선물하기_멀티턴	010-4142-3682에 장기 가입 쿠폰 어떻게 보내는 거야?	010-4142-3682	PhoneNumber	장기 가입 쿠폰	Coupon_LongTerm
intent_리필쿠폰_선물하기_멀티턴	010-4142-3682에 장기 가입 쿠폰어떻게 보내지?	010-4142-3682	PhoneNumber	장기 가입 쿠폰	Coupon_LongTerm
intent_리필쿠폰_선물하기_멀티턴	010-4142-3682에 장기 리필 쿠폰 전송 좀	010-4142-3682	PhoneNumber	장기 리필 쿠폰	Coupon_LongTerm
intent_리필쿠폰_선물하기_멀티턴	010-4142-3682에 장기 리필 쿠폰 전송해줘	010-4142-3682	PhoneNumber	장기 리필 쿠폰	Coupon_LongTerm
intent_리필쿠폰_선물하기_멀티턴	010-4142-3682에 장기가입쿠폰 전송 가능한가?	010-4142-3682	PhoneNumber	장기가입쿠폰	Coupon_LongTerm
intent_리필쿠폰_선물하기_멀티턴	010-4142-3682에 제가 선물받은 쿠폰 전송하겠습니다	010-4142-3682	PhoneNumber	선물받은 쿠폰	Coupon_Gift
intent_리필쿠폰_선물하기_멀티턴	010-4142-3682에 쿠폰 공유	010-4142-3682	PhoneNumber		
intent_리필쿠폰_선물하기_멀티턴	010-4142-3682에 쿠폰 공유 좀 부탁해	010-4142-3682	PhoneNumber		
intent_리필쿠폰_선물하기_멀티턴	010-4142-3682에 쿠폰 선물	010-4142-3682	PhoneNumber		
intent_리필쿠폰_선물하기_멀티턴	010-4142-3682에 쿠폰 선물 좀 도와줘요	010-4142-3682	PhoneNumber		
intent_리필쿠폰_선물하기_멀티턴	010-4142-3682에 쿠폰 선물로 보낼 수 있을까요?	010-4142-3682	PhoneNumber		
intent_리필쿠폰_선물하기_멀티턴	010-4142-3682에 쿠폰 선물할 수 있나?	010-4142-3682	PhoneNumber		
intent_리필쿠폰_선물하기_멀티턴	010-4142-3682에 쿠폰 전송하겠습니다	010-4142-3682	PhoneNumber		
intent_리필쿠폰_선물하기_멀티턴	010-4142-3682에 쿠폰 전송하려구요	010-4142-3682	PhoneNumber		
intent_리필쿠폰_선물하기_멀티턴	010-4142-3682에 쿠폰 좀 선물하려고	010-4142-3682	PhoneNumber		
intent_리필쿠폰_선물하기_멀티턴	010-4142-3682에다 리필 쿠폰 공유 부탁해요	010-4142-3682	PhoneNumber		
intent_리필쿠폰_선물하기_멀티턴	010-4142-3682에다 리필 쿠폰 전송	010-4142-3682	PhoneNumber		
intent_리필쿠폰_선물하기_멀티턴	010-4142-3682에다 리필 쿠폰 전송해 주세요	010-4142-3682	PhoneNumber		
intent_리필쿠폰_선물하기_멀티턴	010-4142-3682에다 장기 가입 쿠폰은 어떻게 보내는 거야?	010-4142-3682	PhoneNumber	장기 가입 쿠폰	Coupon_LongTerm
intent_리필쿠폰_선물하기_멀티턴	010-4142-3682에다 장기 리필 쿠폰 전송할게요	010-4142-3682	PhoneNumber	장기 리필 쿠폰	Coupon_LongTerm
intent_리필쿠폰_선물하기_멀티턴	010-4142-3682에다 쿠폰 공유하는 거 해 주세요	010-4142-3682	PhoneNumber		
intent_리필쿠폰_선물하기_멀티턴	010-4142-3682에다 쿠폰 공유하려구	010-4142-3682	PhoneNumber		
intent_리필쿠폰_선물하기_멀티턴	010-4142-3682에다 쿠폰 선물 가능해?	010-4142-3682	PhoneNumber		
intent_리필쿠폰_선물하기_멀티턴	010-4142-3682에다가 내가 선물받은 쿠폰 보내려구	010-4142-3682	PhoneNumber	선물받은 쿠폰	Coupon_Gift
intent_리필쿠폰_선물하기_멀티턴	010-4142-3682에다가 장기가입쿠폰 전송할 수 있을까요?	010-4142-3682	PhoneNumber	장기가입쿠폰	Coupon_LongTerm
intent_리필쿠폰_선물하기_멀티턴	010-4142-3682에다가 제가 선물받은 쿠폰 전송할래요	010-4142-3682	PhoneNumber	선물받은 쿠폰	Coupon_Gift
intent_리필쿠폰_선물하기_멀티턴	010-4142-3682에다가 좀 장기 리필 쿠폰 전송해 봐	010-4142-3682	PhoneNumber	장기 리필 쿠폰	Coupon_LongTerm
intent_리필쿠폰_선물하기_멀티턴	010-4142-3682에다가 쿠폰 공유	010-4142-3682	PhoneNumber		
intent_리필쿠폰_선물하기_멀티턴	010-4142-3682에다가 쿠폰 공유할 수 있지	010-4142-3682	PhoneNumber		
intent_리필쿠폰_선물하기_멀티턴	010-4142-3682에다가 쿠폰 선물로 보내고 싶어	010-4142-3682	PhoneNumber		
intent_리필쿠폰_선물하기_멀티턴	010-4142-3682에다가 쿠폰 전송할래	010-4142-3682	PhoneNumber		
intent_리필쿠폰_선물하기_멀티턴	나한테 있는 장기 리필 쿠폰 010-4142-3682번에다 좀 보내봐	010-4142-3682	PhoneNumber	장기 리필 쿠폰	Coupon_LongTerm
intent_리필쿠폰_선물하기_멀티턴	나한테 있는 쿠폰 010-4142-3682로 선물할래	010-4142-3682	PhoneNumber		
intent_리필쿠폰_선물하기_멀티턴	나한테 있는 쿠폰 010-4142-3682에 보내줘	010-4142-3682	PhoneNumber		
intent_리필쿠폰_선물하기_멀티턴	내 쿠폰 010-4142-3682번에 보낼래	010-4142-3682	PhoneNumber		
intent_리필쿠폰_선물하기_멀티턴	내가 가진 쿠폰을 010-4142-3682번에 보내고 싶어	010-4142-3682	PhoneNumber		
intent_리필쿠폰_선물하기_멀티턴	내가 선물받은 쿠폰 010-4142-3682번에 보내줘	010-4142-3682	PhoneNumber	선물받은 쿠폰	Coupon_Gift
intent_리필쿠폰_선물하기_멀티턴	내가 선물받은 쿠폰을 010-4142-3682번에 줄래	010-4142-3682	PhoneNumber	선물받은 쿠폰	Coupon_Gift
intent_리필쿠폰_선물하기_멀티턴	다른 사람한테 받은 쿠폰도 010-4142-3682에다가 보내줄 수 있는지요	010-4142-3682	PhoneNumber	다른 사람한테 받은 쿠폰	Coupon_Gift
intent_리필쿠폰_선물하기_멀티턴	다른 사람한테 받은 쿠폰을 010-4142-3682로 공유할 수 있을까?	010-4142-3682	PhoneNumber	다른 사람한테 받은 쿠폰	Coupon_Gift
intent_리필쿠폰_선물하기_멀티턴	다른 사람한테 받은 쿠폰을 010-4142-3682에 다시 보내고 싶어요	010-4142-3682	PhoneNumber	다른 사람한테 받은 쿠폰	Coupon_Gift
intent_리필쿠폰_선물하기_멀티턴	다른 사람한테 받은 쿠폰을 010-4142-3682에 전송할 수 있을까요?	010-4142-3682	PhoneNumber	다른 사람한테 받은 쿠폰	Coupon_Gift
intent_리필쿠폰_선물하기_멀티턴	다른 사람한테 받은 쿠폰을 010-4142-3682에다 다시 선물할 수 있나요	010-4142-3682	PhoneNumber	다른 사람한테 받은 쿠폰	Coupon_Gift
intent_리필쿠폰_선물하기_멀티턴	딴 사람한테 받은 쿠폰 010-4142-3682로 선물 보낼 수 있지요?	010-4142-3682	PhoneNumber	딴 사람한테 받은 쿠폰	Coupon_Gift
intent_리필쿠폰_선물하기_멀티턴	딴 사람한테 받은 쿠폰 010-4142-3682에 선물 보내려구요	010-4142-3682	PhoneNumber	딴 사람한테 받은 쿠폰	Coupon_Gift
intent_리필쿠폰_선물하기_멀티턴	리필 쿠폰 010-4142-3682로 선물 보내주세요.	010-4142-3682	PhoneNumber		
intent_리필쿠폰_선물하기_멀티턴	리필 쿠폰 010-4142-3682번에 공유하기	010-4142-3682	PhoneNumber		
intent_리필쿠폰_선물하기_멀티턴	리필 쿠폰 010-4142-3682번에 공유할래	010-4142-3682	PhoneNumber		
intent_리필쿠폰_선물하기_멀티턴	리필 쿠폰 010-4142-3682번에 보내는 거 가능하죠?	010-4142-3682	PhoneNumber		
intent_리필쿠폰_선물하기_멀티턴	리필 쿠폰 010-4142-3682번에 선물로 보내고 싶어요	010-4142-3682	PhoneNumber		
intent_리필쿠폰_선물하기_멀티턴	리필 쿠폰 010-4142-3682번에 선물로 보낼 수 있을까?	010-4142-3682	PhoneNumber		
intent_리필쿠폰_선물하기_멀티턴	리필 쿠폰 010-4142-3682번에 선물할래	010-4142-3682	PhoneNumber		
intent_리필쿠폰_선물하기_멀티턴	리필 쿠폰 010-4142-3682번에 전송 좀 해 주세요	010-4142-3682	PhoneNumber		
intent_리필쿠폰_선물하기_멀티턴	리필 쿠폰 010-4142-3682번에 전송하기	010-4142-3682	PhoneNumber		
intent_리필쿠폰_선물하기_멀티턴	리필 쿠폰 010-4142-3682번에 전송하려구요	010-4142-3682	PhoneNumber		
intent_리필쿠폰_선물하기_멀티턴	리필 쿠폰 010-4142-3682번에다 선물하는 거 가능한가요?	010-4142-3682	PhoneNumber		
intent_리필쿠폰_선물하기_멀티턴	리필 쿠폰 010-4142-3682에 공유 가능한가요?	010-4142-3682	PhoneNumber		
intent_리필쿠폰_선물하기_멀티턴	리필 쿠폰 010-4142-3682에 공유해 줘	010-4142-3682	PhoneNumber		
intent_리필쿠폰_선물하기_멀티턴	리필 쿠폰 010-4142-3682에 보내줘	010-4142-3682	PhoneNumber		
intent_리필쿠폰_선물하기_멀티턴	리필 쿠폰 010-4142-3682에 보낼래	010-4142-3682	PhoneNumber		
intent_리필쿠폰_선물하기_멀티턴	리필 쿠폰 010-4142-3682에 선물하려구요	010-4142-3682	PhoneNumber		
intent_리필쿠폰_선물하기_멀티턴	리필 쿠폰 010-4142-3682에 주려구요	010-4142-3682	PhoneNumber		
intent_리필쿠폰_선물하기_멀티턴	리필 쿠폰 010-4142-3682에 줄 수 있나	010-4142-3682	PhoneNumber		
intent_리필쿠폰_선물하기_멀티턴	리필 쿠폰 010-4142-3682에다 선물하겠습니다	010-4142-3682	PhoneNumber		
intent_리필쿠폰_선물하기_멀티턴	리필 쿠폰 010-4142-3682에다 전송	010-4142-3682	PhoneNumber		
intent_리필쿠폰_선물하기_멀티턴	장기 가입 리필 쿠폰 010-4142-3682 여기다가 보내줘	010-4142-3682	PhoneNumber	장기 가입 리필 쿠폰	Coupon_LongTerm
intent_리필쿠폰_선물하기_멀티턴	장기 가입 리필 쿠폰 010-4142-3682로 보내주실 수 있나요?	010-4142-3682	PhoneNumber	장기 가입 리필 쿠폰	Coupon_LongTerm
intent_리필쿠폰_선물하기_멀티턴	장기 가입 리필 쿠폰 010-4142-3682에 보낼래요	010-4142-3682	PhoneNumber	장기 가입 리필 쿠폰	Coupon_LongTerm
intent_리필쿠폰_선물하기_멀티턴	장기 가입 리필 쿠폰 010-4142-3682에 전송 가능할지요?	010-4142-3682	PhoneNumber	장기 가입 리필 쿠폰	Coupon_LongTerm
intent_리필쿠폰_선물하기_멀티턴	장기 가입 리필 쿠폰을 좀 010-4142-3682 여기에 보내주실래요?	010-4142-3682	PhoneNumber	장기 가입 리필 쿠폰	Coupon_LongTerm
intent_리필쿠폰_선물하기_멀티턴	장기 리필 쿠폰 010-4142-3682로 전송해 줘	010-4142-3682	PhoneNumber	장기 리필 쿠폰	Coupon_LongTerm
intent_리필쿠폰_선물하기_멀티턴	저의 리필 쿠폰 010-4142-3682에 보내 주세요	010-4142-3682	PhoneNumber		
intent_리필쿠폰_선물하기_멀티턴	제 장기 리필 쿠폰 010-4142-3682에 공유 부탁드려요	010-4142-3682	PhoneNumber	장기 리필 쿠폰	Coupon_LongTerm
intent_리필쿠폰_선물하기_멀티턴	제 장기 리필 쿠폰 010-4142-3682에 보내주십시오	010-4142-3682	PhoneNumber	장기 리필 쿠폰	Coupon_LongTerm
intent_리필쿠폰_선물하기_멀티턴	제 장기 리필 쿠폰 010-4142-3682에 선물하겠습니다	010-4142-3682	PhoneNumber	장기 리필 쿠폰	Coupon_LongTerm
intent_리필쿠폰_선물하기_멀티턴	제 장기 리필 쿠폰 010-4142-3682에 전송합니다	010-4142-3682	PhoneNumber	장기 리필 쿠폰	Coupon_LongTerm
intent_리필쿠폰_선물하기_멀티턴	제 쿠폰 010-4142-3682로 보내겠습니다	010-4142-3682	PhoneNumber		
intent_리필쿠폰_선물하기_멀티턴	제 쿠폰 010-4142-3682로 보내는 거 가능한지요	010-4142-3682	PhoneNumber		
intent_리필쿠폰_선물하기_멀티턴	제 쿠폰 010-4142-3682에 보내는 거 되죠?	010-4142-3682	PhoneNumber		
intent_리필쿠폰_선물하기_멀티턴	제 쿠폰 010-4142-3682에 보내주려고요	010-4142-3682	PhoneNumber		
intent_리필쿠폰_선물하기_멀티턴	제 쿠폰 010-4142-3682에 전송하려구요	010-4142-3682	PhoneNumber		
intent_리필쿠폰_선물하기_멀티턴	제가 가지고 있는 장기 리필 쿠폰이요 010-4142-3682번에 보내주세요	010-4142-3682	PhoneNumber	장기 리필 쿠폰	Coupon_LongTerm
intent_리필쿠폰_선물하기_멀티턴	제가 가지고 있는 쿠폰 010-4142-3682번에다 전송 부탁드려요	010-4142-3682	PhoneNumber		
intent_리필쿠폰_선물하기_멀티턴	제가 가진 장기 리필 쿠폰 010-4142-3682로 보내주실래요	010-4142-3682	PhoneNumber	장기 리필 쿠폰	Coupon_LongTerm
intent_리필쿠폰_선물하기_멀티턴	제가 가진 쿠폰 010-4142-3682번에 전송해 주세요	010-4142-3682	PhoneNumber		
intent_리필쿠폰_선물하기_멀티턴	제가 가진 쿠폰 010-4142-3682에다가 좀 보내줘요	010-4142-3682	PhoneNumber		
intent_리필쿠폰_선물하기_멀티턴	제가 보유한 쿠폰을 010-4142-3682번에 보내겠습니다	010-4142-3682	PhoneNumber		
intent_리필쿠폰_선물하기_멀티턴	제가 선물받은 쿠폰 010-4142-3682에다가 보낼 수 있나 해서요	010-4142-3682	PhoneNumber	선물받은 쿠폰	Coupon_Gift
intent_리필쿠폰_선물하기_멀티턴	쿠폰 010-4142-3682로 보내주실 수 있을까요?	010-4142-3682	PhoneNumber		
intent_리필쿠폰_선물하기_멀티턴	쿠폰 010-4142-3682로 보내줘 봐	010-4142-3682	PhoneNumber		
intent_리필쿠폰_선물하기_멀티턴	쿠폰 010-4142-3682에 보낼래요	010-4142-3682	PhoneNumber		
intent_리필쿠폰_선물하기_멀티턴	쿠폰 010-4142-3682에 선물하려구요	010-4142-3682	PhoneNumber		
intent_리필쿠폰_선물하기_멀티턴	쿠폰 010-4142-3682에 선물할래	010-4142-3682	PhoneNumber		
intent_리필쿠폰_선물하기_멀티턴	쿠폰 010-4142-3682에 주자	010-4142-3682	PhoneNumber		
intent_리필쿠폰_선물하기_멀티턴	쿠폰 010-4142-3682에다 전송하겠습니다	010-4142-3682	PhoneNumber		
intent_리필쿠폰_선물하기_멀티턴	쿠폰 010-4142-3682에다가 전송하겠습니다	010-4142-3682	PhoneNumber		
intent_리필쿠폰_선물하기_멀티턴	쿠폰을 010-4142-3682에다가 좀 보내주세요	010-4142-3682	PhoneNumber		
intent_리필쿠폰_조회	나 다른 사람한테 받은 쿠폰 다 썼나?	다른 사람한테 받은 쿠폰	Coupon_Gift		
intent_리필쿠폰_조회	나 리필 몇 번 남았냐?				
intent_리필쿠폰_조회	나 리필 몇 번 남았니?				
intent_리필쿠폰_조회	나 리필 몇 번 남았어?				
intent_리필쿠폰_조회	나 리필 몇 번 했어?				
intent_리필쿠폰_조회	나 리필 몇 번 했지?				
intent_리필쿠폰_조회	나 리필 쿠폰 몇 개 썼냐				
intent_리필쿠폰_조회	나 리필 쿠폰 몇 개 썼니				
intent_리필쿠폰_조회	나 리필 쿠폰 몇 개 썼더라				
intent_리필쿠폰_조회	나 리필 쿠폰 몇 개 썼어?				
intent_리필쿠폰_조회	나 리필 쿠폰 몇 개 썼지?				
intent_리필쿠폰_조회	나 리필 쿠폰 몇 개나 있어				
intent_리필쿠폰_조회	나 리필할 수 있는 거 몇 번 남았어?				
intent_리필쿠폰_조회	나 리필할 수 있는 거 몇 번이나 남았는지 알려줘				
intent_리필쿠폰_조회	나 리필할 수 있는 거 몇 번이나 남았는지 좀 확인해줘				
intent_리필쿠폰_조회	나 선물받은 쿠폰이 얼마나 남았니?	선물받은 쿠폰	Coupon_Gift		
intent_리필쿠폰_조회	나한테 지금 선물받은 쿠폰 몇 개 있니	선물받은 쿠폰	Coupon_Gift		
intent_리필쿠폰_조회	남은 리필 쿠폰 몇 개인지 알려주냐?				
intent_리필쿠폰_조회	남은 리필 쿠폰 몇 개인지 알려주는 거 되냐?				
intent_리필쿠폰_조회	남은 리필 쿠폰 몇 개인지 알려주면 좋겠어				
intent_리필쿠폰_조회	남은 리필 쿠폰 몇 개인지 알려주세요				
intent_리필쿠폰_조회	남은 리필 쿠폰 몇 개인지 알려줘				
intent_리필쿠폰_조회	남은 리필 쿠폰 조회 부탁합니다				
intent_리필쿠폰_조회	남은 리필 쿠폰 조회 좀				
intent_리필쿠폰_조회	남은 리필 쿠폰 조회 좀 하려고요				
intent_리필쿠폰_조회	남은 리필 쿠폰 조회 좀 해볼게요				
intent_리필쿠폰_조회	남은 리필 쿠폰 조회하기				
intent_리필쿠폰_조회	남은 리필 쿠폰 조회해				
intent_리필쿠폰_조회	남은 리필 쿠폰 조회해 줘				
intent_리필쿠폰_조회	남은 리필 쿠폰 조회해보고 싶어				
intent_리필쿠폰_조회	남은 리필 쿠폰 조회해줄 수 있어?				
intent_리필쿠폰_조회	남은 리필 횟수				
intent_리필쿠폰_조회	남은 리필 횟수 알 수 있을까요?				
intent_리필쿠폰_조회	남은 리필 횟수 좀 알려줄래				
intent_리필쿠폰_조회	남은 리필 횟수 좀 알아보려고요				
intent_리필쿠폰_조회	남은 리필 횟수가 궁금한데요				
intent_리필쿠폰_조회	남은 리필 횟수가 궁금합니다				
intent_리필쿠폰_조회	남은 리필 횟수가 얼마나 되나요?				
intent_리필쿠폰_조회	남은 리필 횟수가 얼마나 되죠?				
intent_리필쿠폰_조회	남은 리필쿠폰 알려주세요.				
intent_리필쿠폰_조회	남은 쿠폰 좀 확인하려고 하는데요				
intent_리필쿠폰_조회	남은 쿠폰 좀 확인해 줘				
intent_리필쿠폰_조회	남은 쿠폰 좀 확인해볼 수 있나요?				
intent_리필쿠폰_조회	남은 쿠폰 확인하는 거 가능해?				
intent_리필쿠폰_조회	남은 쿠폰이 총 몇 장이니?				
intent_리필쿠폰_조회	남은 쿠폰이 총 몇 장이야?				
intent_리필쿠폰_조회	남은 쿠폰이 총 몇 장이에요?				
intent_리필쿠폰_조회	남은 쿠폰이 총 몇 장이지?				
intent_리필쿠폰_조회	남은 쿠폰이 총 몇 장인가요?				
intent_리필쿠폰_조회	남은 쿠폰이 총 몇 장인지요?				
intent_리필쿠폰_조회	내 리필 쿠폰 몇 개 남은거냐				
intent_리필쿠폰_조회	내 리필 쿠폰 몇 개나 남아 있어?				
intent_리필쿠폰_조회	내가 가지고 있는 장기 가입 쿠폰이 총 몇 장이야?	장기 가입 쿠폰	Coupon_LongTerm		
intent_리필쿠폰_조회	내가 리필 몇 번이나 했더라?				
intent_리필쿠폰_조회	내가 리필 쿠폰을 몇 번이나 썼는지 좀 알려주면 좋겠어				
intent_리필쿠폰_조회	내가 리필 쿠폰을 몇 번이나 썼는지 확인하고 싶어				
intent_리필쿠폰_조회	내가 리필 쿠폰을 몇 번이나 썼니				
intent_리필쿠폰_조회	내가 리필 쿠폰을 몇 번이나 썼더라				
intent_리필쿠폰_조회	내가 리필 쿠폰을 몇 번이나 썼지?				
intent_리필쿠폰_조회	내가 리필을 몇 번 했이나 했는지 알 수 있을까?				
intent_리필쿠폰_조회	내가 리필쿠폰 쓴 내역 보여주세요				
intent_리필쿠폰_조회	내가 리필쿠폰 쓴 내역 좀 보여줘				
intent_리필쿠폰_조회	내가 리필쿠폰 쓴 내역 좀 보자				
intent_리필쿠폰_조회	내가 리필쿠폰 쓴 내역 좀 볼 수 있을까?				
intent_리필쿠폰_조회	내가 리필쿠폰 쓴 내역 좀 볼게				
intent_리필쿠폰_조회	내가 리필한 내역				
intent_리필쿠폰_조회	내가 리필한 내역 가져와 봐				
intent_리필쿠폰_조회	내가 리필한 내역 좀 가져와				
intent_리필쿠폰_조회	내가 리필한 내역 좀 가져와 볼래?				
intent_리필쿠폰_조회	내가 리필한 내역 좀 가지고 와봐				
intent_리필쿠폰_조회	내가 선물받은 쿠폰 몇 개나 남아 있어?	선물받은 쿠폰	Coupon_Gift		
intent_리필쿠폰_조회	내가 쓰고 남은 리필 쿠폰 몇 개냐				
intent_리필쿠폰_조회	내가 지금 가지고 있는 리필 쿠폰 몇 개야				
intent_리필쿠폰_조회	내가 지금 가지고 있는 리필 쿠폰 몇 장이냐				
intent_리필쿠폰_조회	내가 지금 가지고 있는 리필 쿠폰이 몇 개지				
intent_리필쿠폰_조회	내가 지금 가지고 있는 리필 쿠폰이 몇 장이나 되?				
intent_리필쿠폰_조회	내가 지금까지 리필 쿠폰 몇 개 썼니				
intent_리필쿠폰_조회	내가 지금까지 리필 쿠폰을 몇 개나 썼니				
intent_리필쿠폰_조회	내가 지금까지 리필 쿠폰을 총 몇 개 정도 썼어?				
intent_리필쿠폰_조회	내역 좀 가져와 리필 쿠폰 쓴 거				
intent_리필쿠폰_조회	내역 좀 가져와 리필 쿠폰 쓴 거로				
intent_리필쿠폰_조회	내역 좀 보여줘 내가 리필 쿠폰 쓴 거				
intent_리필쿠폰_조회	내역 좀 볼 수 있니 내가 그동안 리필 쿠폰 쓴 거				
intent_리필쿠폰_조회	내역을 좀 확인하려고 해요 제가 지금까지 리필 쿠폰 쓴 거요				
intent_리필쿠폰_조회	리필 쿠폰 몇 개나 썼는지 목록 알려주세요.				
intent_리필쿠폰_조회	리필 쿠폰 사용 목록 보여주세요.				
intent_리필쿠폰_조회	리필 쿠폰 사용하는 거 몇 번 더 할 수 있나요				
intent_리필쿠폰_조회	리필 쿠폰 사용하는 거 몇 번 더 할 수 있냐?				
intent_리필쿠폰_조회	리필 쿠폰 사용하는 거 몇 번 더 할 수 있어?				
intent_리필쿠폰_조회	리필 쿠폰 사용한 목록				
intent_리필쿠폰_조회	리필 쿠폰 사용한 목록 좀 체크할 수 있을까?				
intent_리필쿠폰_조회	리필 쿠폰 사용한 목록 좀 체크해보려고				
intent_리필쿠폰_조회	리필 쿠폰 사용한 목록 체크				
intent_리필쿠폰_조회	리필 쿠폰 사용한 목록을 좀 체크하려고 해				
intent_리필쿠폰_조회	리필 쿠폰 잔여 매수 얼마나 돼?				
intent_리필쿠폰_조회	리필 쿠폰 잔여 매수 얼마나 있어?				
intent_리필쿠폰_조회	리필 쿠폰 잔여 매수 조회				
intent_리필쿠폰_조회	리필 쿠폰 잔여 매수 확인				
intent_리필쿠폰_조회	리필 쿠폰 잔여 수량 문의				
intent_리필쿠폰_조회	잔여 리필 쿠폰 개수 조회				
intent_리필쿠폰_조회	잔여 리필 쿠폰 개수 몇 개 인가요?				
intent_리필쿠폰_조회	잔여 리필 쿠폰 개수 알려줘				
intent_리필쿠폰_조회	잔여 쿠폰 몇 개 남았나요?				
intent_리필쿠폰_조회	장기 쿠폰 잔여 개수 확인	장기 쿠폰	Coupon_LongTerm		
intent_리필쿠폰_조회	장기 회원 쿠폰 몇 개 남았는지?	장기 회원 쿠폰	Coupon_LongTerm		
intent_리필쿠폰_조회	리필쿠폰 사용 내역				
intent_리필쿠폰_조회	리필쿠폰 사용 내역 알려주세요.				
intent_리필쿠폰_조회	리필하는 거 제가 몇 번이나 더 할 수 있나요?				
intent_리필쿠폰_조회	리필하는 거 제가 몇 번이나 더 할 수 있는 건가요				
intent_리필쿠폰_조회	리필하는 거 제가 몇 번이나 더 할 수 있는지 알려줘요				
intent_리필쿠폰_조회	리필하는 거 제가 몇 번이나 더 할 수 있을까요?				
intent_리필쿠폰_조회	리필하는 거 제가 몇 번이나 더 할 수 있을지요				
intent_리필쿠폰_조회	몇 개 남았니 리필 쿠폰				
intent_리필쿠폰_조회	몇 개 남았을까 장기 가입 쿠폰	장기 가입 쿠폰	Coupon_LongTerm		
intent_리필쿠폰_조회	몇 개 남아있니 장기 가입 쿠폰	장기 가입 쿠폰	Coupon_LongTerm		
intent_리필쿠폰_조회	몇 개 정도 남았나요 장기 가입 쿠폰	장기 가입 쿠폰	Coupon_LongTerm		
intent_리필쿠폰_조회	몇 개나 남았니 장기 가입 쿠폰	장기 가입 쿠폰	Coupon_LongTerm		
intent_리필쿠폰_조회	몇 개나 남았어요 제 장기 가입 쿠폰	장기 가입 쿠폰	Coupon_LongTerm		
intent_리필쿠폰_조회	장기 고객 리필 쿠폰 몇 개 남아있나요?	장기 고객 리필 쿠폰	Coupon_LongTerm		
intent_리필쿠폰_조회	선물받은 쿠폰 몇 개 있어?	선물받은 쿠폰	Coupon_Gift		
intent_리필쿠폰_조회	선물받은 쿠폰 썼던 내역 확인 부탁할게	선물받은 쿠폰	Coupon_Gift		
intent_리필쿠폰_조회	선물받은 쿠폰 썼던 내역 확인하고 싶습니다	선물받은 쿠폰	Coupon_Gift		
intent_리필쿠폰_조회	선물받은 쿠폰 썼던 내역 확인하기	선물받은 쿠폰	Coupon_Gift		
intent_리필쿠폰_조회	선물받은 쿠폰 썼던 내역 확인하는 거 되나요?	선물받은 쿠폰	Coupon_Gift		
intent_리필쿠폰_조회	선물받은 쿠폰 잔여 수량 문의드리려고요	선물받은 쿠폰	Coupon_Gift		
intent_리필쿠폰_조회	선물받은 쿠폰 잔여 수량 문의할 수 있나요?	선물받은 쿠폰	Coupon_Gift		
intent_리필쿠폰_조회	선물받은 쿠폰 잔여 수량 문의할게요	선물받은 쿠폰	Coupon_Gift		
intent_리필쿠폰_조회	선물받은 쿠폰 잔여 수량 문의합니다	선물받은 쿠폰	Coupon_Gift		
intent_리필쿠폰_조회	선물받은 쿠폰이 몇 장이나 남았을까?	선물받은 쿠폰	Coupon_Gift		
intent_리필쿠폰_조회	쓰고 남겨둔 리필 쿠폰 매수 확인				
intent_리필쿠폰_조회	쓰고 남겨뒀던 리필 쿠폰 몇 장인지 확인할래				
intent_리필쿠폰_조회	쓰고 남은 리필 쿠폰 잔여량				
intent_리필쿠폰_조회	쓰고 남은 리필 쿠폰이 몇 장이냐				
intent_리필쿠폰_조회	이제 리필쿠폰 몇 개 남았는지 알 수 있나요?				
intent_리필쿠폰_조회	이제 리필쿠폰 몇 개 남았는지 알 수 있어?				
intent_리필쿠폰_조회	이제 리필쿠폰 몇 개 남았는지 알고 싶은데 가능해요?				
intent_리필쿠폰_조회	이제 리필쿠폰 몇 개 남았는지 알려주나요?				
intent_리필쿠폰_조회	이제 리필쿠폰 몇 개나 있냐				
intent_리필쿠폰_조회	이제 리필쿠폰 몇 개나 있는 거야?				
intent_리필쿠폰_조회	이제 리필쿠폰 몇 개나 있는지 가르쳐줄래				
intent_리필쿠폰_조회	이제 리필쿠폰 몇 개나 있는지 알고 싶어				
intent_리필쿠폰_조회	이제 장기 가입 쿠폰 몇 개나 있는지 알려줄래	장기 가입 쿠폰	Coupon_LongTerm		
intent_리필쿠폰_조회	이제 장기 가입 쿠폰 몇 개나 있는지 조회 좀	장기 가입 쿠폰	Coupon_LongTerm		
intent_리필쿠폰_조회	이제 장기 가입 쿠폰 몇 개나 있는지 좀 볼게	장기 가입 쿠폰	Coupon_LongTerm		
intent_리필쿠폰_조회	이제 장기 가입 쿠폰 몇 개나 있어?	장기 가입 쿠폰	Coupon_LongTerm		
intent_리필쿠폰_조회	장기 리필 쿠폰 잔여량 확인	장기 리필 쿠폰	Coupon_LongTerm		
intent_리필쿠폰_조회	장기 리필 쿠폰 잔여량 확인 부탁해	장기 리필 쿠폰	Coupon_LongTerm		
intent_리필쿠폰_조회	장기 리필 쿠폰 잔여량 확인 좀 해보려고	장기 리필 쿠폰	Coupon_LongTerm		
intent_리필쿠폰_조회	장기 리필 쿠폰 잔여량 확인하겠습니다	장기 리필 쿠폰	Coupon_LongTerm		
intent_리필쿠폰_조회	장기 리필 쿠폰 잔여량 확인할게	장기 리필 쿠폰	Coupon_LongTerm		
intent_리필쿠폰_조회	장기 회원 쿠폰 몇 개 남았나요?	장기 회원 쿠폰	Coupon_LongTerm		
intent_리필쿠폰_조회	장기 회원 쿠폰 몇 개 남았니	장기 회원 쿠폰	Coupon_LongTerm		
intent_리필쿠폰_조회	장기 회원 쿠폰 몇 개 정도 남았나 확인 좀 해봐	장기 회원 쿠폰	Coupon_LongTerm		
intent_리필쿠폰_조회	장기 회원 쿠폰 몇 개나 남았는지 알려줄래?	장기 회원 쿠폰	Coupon_LongTerm		
intent_리필쿠폰_조회	장기 회원 쿠폰 몇 개나 남았는지 알려줘	장기 회원 쿠폰	Coupon_LongTerm		
intent_리필쿠폰_조회	장기 회원 쿠폰 몇 개나 있는지 좀 봐줘	장기 회원 쿠폰	Coupon_LongTerm		
intent_리필쿠폰_조회	장기 회원 쿠폰 몇 개나 있어?	장기 회원 쿠폰	Coupon_LongTerm		
intent_리필쿠폰_조회	장기가입 쿠폰 사용한 내역	장기가입 쿠폰	Coupon_LongTerm		
intent_리필쿠폰_조회	장기가입 쿠폰 사용한 내역 보여줘	장기가입 쿠폰	Coupon_LongTerm		
intent_리필쿠폰_조회	장기가입 쿠폰 사용한 내역 볼 수 있니?	장기가입 쿠폰	Coupon_LongTerm		
intent_리필쿠폰_조회	장기가입 쿠폰 사용한 내역 좀 확인할게	장기가입 쿠폰	Coupon_LongTerm		
intent_리필쿠폰_조회	장기가입 쿠폰 사용한 내역이 궁금해	장기가입 쿠폰	Coupon_LongTerm		
intent_리필쿠폰_조회	장기 고객 쿠폰 몇 개 있는지 내역 보여줘	장기 고객 쿠폰	Coupon_LongTerm		
intent_리필쿠폰_조회	장기 고객 쿠폰 몇 장 와 있는지 알려주세요	장기 고객 쿠폰	Coupon_LongTerm		
intent_리필쿠폰_조회	장기 고객 쿠폰 몇 개 와 있나요?	장기 고객 쿠폰	Coupon_LongTerm		
intent_리필쿠폰_조회	저 리필 쿠폰 몇 장 썼는지 리스트 좀 볼 수 있을까요?				
intent_리필쿠폰_조회	저 리필 쿠폰 몇 장 썼어요?				
intent_리필쿠폰_조회	저 리필 쿠폰 몇 장 썼을까요?				
intent_리필쿠폰_조회	저 리필 쿠폰 몇 장 썼지요?				
intent_리필쿠폰_조회	저 리필 쿠폰 몇 장 쓴 건지 내역 확인 한 번 해볼래요				
intent_리필쿠폰_조회	저 리필 쿠폰 몇 장이나 썼는지 내역 좀 볼게요				
intent_리필쿠폰_조회	저 리필쿠폰 사용하는 거 몇 번 더 할 수 있는 거죠?				
intent_리필쿠폰_조회	저 리필쿠폰 사용하는 거 몇 번 더 할 수 있는지 확인하려고요				
intent_리필쿠폰_조회	저 리필쿠폰 사용하는 거 몇 번 더 할 수 있어요?				
intent_리필쿠폰_조회	저 리필쿠폰 사용하는 거 몇 번 더 할 수 있을까요?				
intent_리필쿠폰_조회	전에 쓰고 남은 리필 쿠폰 몇 개야				
intent_리필쿠폰_조회	제 쿠폰 얼마나 남았나 좀 보여주세요				
intent_리필쿠폰_조회	제 쿠폰이 얼마나 남았나요?				
intent_리필쿠폰_조회	제 쿠폰이 지금 몇 개 남아있죠?				
intent_리필쿠폰_조회	제가 지금까지 리필 쿠폰 몇 장이나 썼는지 볼 수 있나요?				
intent_리필쿠폰_조회	제가 지금까지 리필 쿠폰을 몇 번이나 썼죠?				
intent_리필쿠폰_조회	제가 지금까지 리필 쿠폰을 총 몇 번이나 썼나요?				
intent_리필쿠폰_조회	지금 나한테 들어와 있는 쿠폰이 총 몇장이야?				
intent_리필쿠폰_조회	지금 나한테 있는 쿠폰 개수				
intent_리필쿠폰_조회	지금 나한테 있는 쿠폰 매수				
intent_리필쿠폰_조회	지금 내가 보유한 쿠폰 개수				
intent_리필쿠폰_조회	지금 남아있는 장기쿠폰 개수	장기쿠폰	Coupon_LongTerm		
intent_리필쿠폰_조회	장기쿠폰 개수 조회하기	장기쿠폰	Coupon_LongTerm		
intent_리필쿠폰_조회	지금 선물쿠폰 얼마 남아 있어요?	선물쿠폰	Coupon_Gift		
intent_리필쿠폰_조회	선물 쿠폰 개수 좀 볼게요	선물 쿠폰	Coupon_Gift		
intent_리필쿠폰_조회	장기 고객 쿠폰 몇 개 있는지 좀 봅시다	장기 고객 쿠폰	Coupon_LongTerm		
intent_리필쿠폰_조회	선물받은 쿠폰 몇 개 있나요?	선물받은 쿠폰	Coupon_Gift		
intent_리필쿠폰_조회	지금 몇 장 정도 남았나요 제 쿠폰이				
intent_리필쿠폰_조회	지금 몇 장이나 남아 있나요 제 쿠폰				
intent_리필쿠폰_조회	지금까지 내가 리필쿠폰을 총 몇 번이나 썼는지 내역 좀 볼게				
intent_리필쿠폰_조회	지금까지 리필쿠폰 몇 장 썼는지 내역 남아 있나요?				
intent_리필쿠폰_조회	지금까지 리필했던 리스트				
intent_리필쿠폰_조회	지금까지 리필했던 리스트 있으면 좀 부탁해				
intent_리필쿠폰_조회	지금까지 리필했던 리스트 좀 볼 수 있을까?				
intent_리필쿠폰_조회	지금까지 제가 리필쿠폰 몇 장 썼는지 그 목록 좀 보고 싶어요				
intent_리필쿠폰_조회	쿠폰 사용 조회하고 싶어				
intent_리필쿠폰_조회	쿠폰 사용 기록 조회				
intent_리필쿠폰_조회	쿠폰 사용한 내역 좀 볼래요				
intent_리필쿠폰_조회	쿠폰 사용했던 내역 볼 수 있니?				
intent_리필쿠폰_조회	쿠폰으로 충전한 기록				
intent_리필쿠폰_조회	쿠폰으로 충전한 기록 궁금한데 볼 수 있어?				
intent_리필쿠폰_조회	쿠폰으로 충전한 기록이 궁금한데				
intent_리필쿠폰_조회	쿠폰으로 충전한 기록이 궁금합니다				
intent_리필쿠폰_조회	쿠폰으로 충전한 기록이 궁금해				
intent_리필쿠폰_조회	장기 고객 쿠폰 사용한 내역 보기	장기 고객 쿠폰	Coupon_LongTerm		
intent_리필쿠폰_조회	장기 사용 고객 쿠폰 사용했던 내역 보여줘	장기 사용 고객 쿠폰	Coupon_LongTerm		
intent_리필쿠폰_조회	쿠폰 사용한 내역이 궁금합니다				
intent_리필쿠폰_조회	쿠폰 사용한 내역이 보고 싶어서요				
intent_리필쿠폰_조회	현재 남아 있는 쿠폰				
intent_리필쿠폰_조회	현재 남아 있는 쿠폰 조회				
intent_리필쿠폰_조회	현재 남아 있는 쿠폰 조회 부탁해도 되나요?				
intent_리필쿠폰_조회	현재 남아 있는 쿠폰이 몇 장 정도 되죠?				
intent_리필쿠폰_조회	현재 남아 있는 쿠폰이 몇 장인지 궁금해				
intent_리필쿠폰_조회	현재 남아 있는 쿠폰이 몇 장인지 궁금해요				
intent_리필쿠폰_조회	현재 남아 있는 쿠폰이 몇 장인지 알려주세요				
intent_리필쿠폰_조회	현재 남아 있는 쿠폰이 몇 장인지 알려줘				
intent_리필쿠폰_조회	현재 남아 있는 쿠폰이 몇 장인지 조회 좀				
intent_리필쿠폰_조회	혹시 나 다른 사람들한테 받았던 쿠폰 전부 다 썼나?	다른 사람들한테 받았던 쿠폰	Coupon_Gift		
intent_리필쿠폰_조회	혹시 내가 선물 받았던 쿠폰 몇 장 남았는지 볼 수 있으려나	선물 받았던 쿠폰	Coupon_Gift		
intent_리필쿠폰_조회	혹시 내가 선물 받았던 쿠폰 몇 장 남았는지 확인 가능해?	선물 받았던 쿠폰	Coupon_Gift		
intent_리필쿠폰_조회	나 지금 선물받은 쿠폰 몇 개 가지고 있는지 궁금해	선물받은 쿠폰	Coupon_Gift		
intent_리필쿠폰_조회	나 지금 선물받은 쿠폰 몇 개 가지고 있지?	선물받은 쿠폰	Coupon_Gift		
intent_리필쿠폰_조회	제가 지금 선물받은 쿠폰 몇 개 가지고 있는 걸까요?	선물받은 쿠폰	Coupon_Gift		
intent_리필쿠폰_조회	제가 지금 선물받은 쿠폰 몇 개 가지고 있어요?	선물받은 쿠폰	Coupon_Gift		
intent_리필쿠폰_조회	장기 고객 쿠폰 남은 거 몇 개일까요?	장기 고객 쿠폰	Coupon_LongTerm		
intent_리필쿠폰_조회	장기 고객 쿠폰 남은 거 몇 개예요?	장기 고객 쿠폰	Coupon_LongTerm		
intent_리필쿠폰_조회	장기 고객 쿠폰 남은 거 몇 개야?	장기 고객 쿠폰	Coupon_LongTerm		
intent_리필쿠폰_조회	장기 고객 쿠폰 남은 거 몇 개지?	장기 고객 쿠폰	Coupon_LongTerm		
intent_리필쿠폰_조회	리필쿠폰 사용 내역 조회할게요				
intent_리필쿠폰_조회	리필쿠폰 사용 내역 조회 부탁해				
intent_리필쿠폰_조회	리필쿠폰 사용 내역 조회 부탁합니다				
intent_리필쿠폰_조회	리필쿠폰 사용 내역 조회해				
intent_리필쿠폰_조회	리필쿠폰 사용 내역 조회해주세요				
intent_리필쿠폰_조회	장기 회원 쿠폰 몇 개 남아 있어요?	장기 회원 쿠폰	Coupon_LongTerm		
intent_리필쿠폰_조회	장기 회원 쿠폰 몇 개 남아 있는지 알려 주세요	장기 회원 쿠폰	Coupon_LongTerm		
intent_리필쿠폰_조회	장기 회원 쿠폰 몇 개 남아 있을까요?	장기 회원 쿠폰	Coupon_LongTerm		
intent_리필쿠폰_조회	장기 회원 쿠폰 몇 개 남겨져 있어요?	장기 회원 쿠폰	Coupon_LongTerm		
intent_리필쿠폰_조회	제 쿠폰이 지금 얼마나 남아 있을까요?				
intent_리필쿠폰_조회	제 쿠폰이 지금 얼마나 남아 있죠?				
intent_리필쿠폰_조회	제 쿠폰이 지금 얼마나 남아 있는지 궁금해요				
intent_리필쿠폰_조회	제 쿠폰이 지금 얼마나 남아 있는거죠?				
intent_리필쿠폰_조회	현재 남아 있는 쿠폰 조회 원해요				
intent_리필쿠폰_조회	현재 남아 있는 쿠폰 조회할게요				
intent_리필쿠폰_조회	지금 나한테 있는 쿠폰 매수 알려줘				
intent_리필쿠폰_조회	지금 나한테 있는 쿠폰 매수 몇 장이야?				
intent_리필쿠폰_조회	지금 나한테 있는 쿠폰 매수 얼마나 되지?				
intent_리필쿠폰_조회	지금 나한테 있는 쿠폰 매수 보고 싶어				
intent_리필쿠폰_조회	지금 나한테 있는 쿠폰 매수 알고 싶어서				